/*******************************************************************************
 * Size: 16 px
 * Bpp: 4
 * Opts: --no-compress --no-prefilter --bpp 4 --size 16 --font C:\Windows\Fonts\simhei.ttf -r 0x20-0x7f --symbols 音乐主菜单生成歌曲历史录心里话环境音按开始取消下一步上传中云端创作请稍候正在播放暂停继续返回确定上下是否成功失败连接断开准备结束等待进度加载信号强度录制传暂继续模拟完下载期待载入提示信息空点击选择骤已完成失败麦克风音量时长网络错误重试缓冲删除无载连服器响应键退出保存设置密码用户址端口待我的今天昨周。、！？：％－／［］（）1234567890 --format lvgl -o D:\project\ai_music\esp32_firmware\src\lv_font_zh_16.c --force-fast-kern-format
 ******************************************************************************/

#ifdef LV_LVGL_H_INCLUDE_SIMPLE
#include "lvgl.h"
#else
#include "lvgl/lvgl.h"
#endif

#ifndef LV_FONT_ZH_16
#define LV_FONT_ZH_16 1
#endif

#if LV_FONT_ZH_16

/*-----------------
 *    BITMAPS
 *----------------*/

/*Store the image of the glyphs*/
static LV_ATTRIBUTE_LARGE_CONST const uint8_t glyph_bitmap[] = {
    /* U+0020 " " */

    /* U+0021 "!" */
    0xfb, 0xea, 0xea, 0xd9, 0xc8, 0xb7, 0xa6, 0xa6,
    0x85, 0x0, 0xfb, 0xfc,

    /* U+0022 "\"" */
    0xf6, 0x7e, 0xe4, 0x6c, 0xd3, 0x5b, 0x61, 0x25,

    /* U+0023 "#" */
    0x0, 0x78, 0x6, 0x90, 0x0, 0x96, 0x8, 0x70,
    0x0, 0xa5, 0x9, 0x60, 0x0, 0xc4, 0xb, 0x50,
    0xbf, 0xff, 0xff, 0xf8, 0x23, 0xf3, 0x3f, 0x41,
    0x1, 0xe0, 0xf, 0x0, 0x4, 0xc0, 0x3d, 0x0,
    0xbf, 0xff, 0xff, 0xf8, 0x29, 0x93, 0x8a, 0x31,
    0x9, 0x60, 0x87, 0x0, 0xb, 0x40, 0xa5, 0x0,

    /* U+0024 "$" */
    0x0, 0x9, 0x50, 0x0, 0xa, 0xff, 0x80, 0x9,
    0xdb, 0xaf, 0x40, 0xd6, 0x95, 0xc9, 0xd, 0x89,
    0x52, 0x20, 0x8f, 0xd5, 0x0, 0x0, 0x9f, 0xb1,
    0x0, 0x0, 0x9f, 0xe1, 0x0, 0x9, 0x7e, 0x92,
    0xe3, 0x95, 0x9c, 0xf, 0x69, 0x5a, 0xb0, 0xbd,
    0xb9, 0xf6, 0x1, 0xbf, 0xf8, 0x0, 0x0, 0x95,
    0x0, 0x0, 0x4, 0x20, 0x0,

    /* U+0025 "%" */
    0x1d, 0xc0, 0x1, 0x40, 0x78, 0xa5, 0x7, 0x20,
    0x96, 0x87, 0x9, 0x0, 0x96, 0x87, 0x44, 0x0,
    0x78, 0xa5, 0x90, 0x0, 0x1d, 0xc3, 0x70, 0x0,
    0x0, 0x8, 0x3d, 0xb0, 0x0, 0x8, 0x87, 0xb4,
    0x0, 0x63, 0xa5, 0x96, 0x0, 0x90, 0xa5, 0x96,
    0x3, 0x50, 0x87, 0xb4, 0x7, 0x0, 0x2d, 0xb0,

    /* U+0026 "&" */
    0x0, 0x8e, 0xc1, 0x0, 0x4, 0xf5, 0xc8, 0x0,
    0x7, 0xb0, 0x8a, 0x0, 0x6, 0xc0, 0xc7, 0x0,
    0x2, 0xfa, 0xc0, 0x0, 0x0, 0xec, 0x0, 0x0,
    0xb, 0xdf, 0x10, 0x50, 0x6e, 0xc, 0xa2, 0xf0,
    0x9b, 0x3, 0xfb, 0xe0, 0x7d, 0x0, 0x6f, 0xa0,
    0x2f, 0x94, 0xaf, 0xf6, 0x4, 0xdf, 0xc2, 0x73,

    /* U+0027 "'" */
    0x3f, 0x22, 0xf0, 0x1f, 0x0, 0x70,

    /* U+0028 "(" */
    0x0, 0x2, 0x0, 0x1, 0xe3, 0x0, 0xb6, 0x0,
    0x5c, 0x0, 0xc, 0x40, 0x1, 0xe0, 0x0, 0x3b,
    0x0, 0x5, 0x90, 0x0, 0x59, 0x0, 0x3, 0xb0,
    0x0, 0xe, 0x0, 0x0, 0xb4, 0x0, 0x4, 0xd0,
    0x0, 0xa, 0x80, 0x0, 0xd, 0x30, 0x0, 0x10,

    /* U+0029 ")" */
    0x11, 0x0, 0x6, 0xc0, 0x0, 0x9, 0x90, 0x0,
    0xe, 0x20, 0x0, 0x79, 0x0, 0x1, 0xd0, 0x0,
    0xe, 0x0, 0x0, 0xc2, 0x0, 0xc, 0x20, 0x0,
    0xe0, 0x0, 0x2d, 0x0, 0x7, 0x80, 0x1, 0xe1,
    0x0, 0xb7, 0x0, 0x6b, 0x0, 0x0, 0x0, 0x0,

    /* U+002A "*" */
    0x0, 0x9, 0x90, 0x0, 0x12, 0x9, 0x90, 0x21,
    0x7f, 0x78, 0x87, 0xf7, 0x5, 0xdf, 0xfd, 0x50,
    0x1, 0x9f, 0xf9, 0x10, 0x5e, 0xca, 0xac, 0xe5,
    0x37, 0x8, 0x80, 0x73, 0x0, 0x9, 0x90, 0x0,
    0x0, 0x5, 0x50, 0x0,

    /* U+002B "+" */
    0x0, 0x6, 0x40, 0x0, 0x0, 0xa, 0x70, 0x0,
    0x0, 0xa, 0x70, 0x0, 0x0, 0xa, 0x70, 0x0,
    0xaf, 0xff, 0xff, 0xf7, 0x12, 0x2a, 0x82, 0x21,
    0x0, 0xa, 0x70, 0x0, 0x0, 0xa, 0x70, 0x0,

    /* U+002C "," */
    0x55, 0xbc, 0x38, 0x82,

    /* U+002D "-" */
    0xaf, 0xff, 0xff, 0xf6, 0x12, 0x22, 0x22, 0x20,

    /* U+002E "." */
    0x55, 0xcb,

    /* U+002F "/" */
    0x0, 0x0, 0x0, 0x22, 0x0, 0x0, 0x0, 0xb2,
    0x0, 0x0, 0x3, 0x90, 0x0, 0x0, 0xb, 0x10,
    0x0, 0x0, 0x48, 0x0, 0x0, 0x0, 0xc1, 0x0,
    0x0, 0x5, 0x80, 0x0, 0x0, 0xc, 0x0, 0x0,
    0x0, 0x57, 0x0, 0x0, 0x0, 0xc0, 0x0, 0x0,
    0x6, 0x60, 0x0, 0x0, 0xc, 0x0, 0x0, 0x0,
    0x76, 0x0, 0x0, 0x0, 0x30, 0x0, 0x0, 0x0,

    /* U+0030 "0" */
    0x0, 0x8e, 0xe6, 0x0, 0x7, 0xf7, 0x7f, 0x40,
    0xf, 0x70, 0x9, 0xb0, 0x3f, 0x10, 0x4, 0xf0,
    0x6e, 0x0, 0x2, 0xf1, 0x6d, 0x0, 0x1, 0xf2,
    0x6d, 0x0, 0x1, 0xf2, 0x5e, 0x0, 0x2, 0xf1,
    0x2f, 0x20, 0x5, 0xf0, 0xd, 0x80, 0xb, 0xa0,
    0x5, 0xfa, 0xbf, 0x30, 0x0, 0x4c, 0xb3, 0x0,
    0x0, 0x0, 0x0, 0x0,

    /* U+0031 "1" */
    0x0, 0x6c, 0x3, 0xfc, 0x4f, 0xcc, 0x74, 0x8c,
    0x0, 0x8c, 0x0, 0x8c, 0x0, 0x8c, 0x0, 0x8c,
    0x0, 0x8c, 0x0, 0x8c, 0x0, 0x8c, 0x0, 0x8c,

    /* U+0032 "2" */
    0x0, 0x0, 0x0, 0x0, 0x1, 0xbf, 0xfa, 0x0,
    0xc, 0xe7, 0x7f, 0x80, 0x4f, 0x20, 0x8, 0xd0,
    0x2, 0x0, 0x7, 0xd0, 0x0, 0x0, 0xb, 0xa0,
    0x0, 0x0, 0x3f, 0x30, 0x0, 0x0, 0xda, 0x0,
    0x0, 0x8, 0xe1, 0x0, 0x0, 0x4f, 0x40, 0x0,
    0x2, 0xe8, 0x0, 0x0, 0xd, 0xe3, 0x33, 0x30,
    0x2f, 0xff, 0xff, 0xf1,

    /* U+0033 "3" */
    0x0, 0x5b, 0xb6, 0x0, 0x6, 0xe7, 0x8f, 0x70,
    0xe, 0x40, 0x8, 0xd0, 0x4, 0x0, 0x6, 0xd0,
    0x0, 0x0, 0x1d, 0x80, 0x0, 0x9, 0xfb, 0x0,
    0x0, 0x4, 0x9f, 0x50, 0x0, 0x0, 0x8, 0xe0,
    0x3, 0x0, 0x4, 0xf0, 0x3f, 0x20, 0x7, 0xe0,
    0xc, 0xd6, 0x6f, 0x70, 0x1, 0xaf, 0xe7, 0x0,

    /* U+0034 "4" */
    0x0, 0x0, 0x1f, 0x30, 0x0, 0x0, 0xbf, 0x30,
    0x0, 0x5, 0xff, 0x30, 0x0, 0xe, 0x6f, 0x30,
    0x0, 0x9c, 0xf, 0x30, 0x3, 0xf2, 0xf, 0x30,
    0xd, 0x70, 0xf, 0x30, 0x7d, 0x0, 0xf, 0x30,
    0xcf, 0xff, 0xff, 0xfa, 0x22, 0x22, 0x2f, 0x51,
    0x0, 0x0, 0xf, 0x30, 0x0, 0x0, 0xf, 0x30,

    /* U+0035 "5" */
    0x5, 0xff, 0xff, 0xb0, 0x8, 0xb3, 0x33, 0x20,
    0xb, 0x70, 0x0, 0x0, 0xe, 0x40, 0x0, 0x0,
    0x1f, 0xcf, 0xe8, 0x0, 0x4f, 0x84, 0x7f, 0x70,
    0x12, 0x0, 0x8, 0xe0, 0x0, 0x0, 0x4, 0xf0,
    0x22, 0x0, 0x4, 0xf0, 0x9b, 0x0, 0xa, 0xc0,
    0x3f, 0x95, 0xaf, 0x50, 0x5, 0xdf, 0xc4, 0x0,

    /* U+0036 "6" */
    0x0, 0x0, 0xe8, 0x0, 0x0, 0x8, 0xe0, 0x0,
    0x0, 0x1f, 0x50, 0x0, 0x0, 0xac, 0x0, 0x0,
    0x4, 0xfb, 0xa7, 0x0, 0xc, 0xfc, 0xcf, 0xc0,
    0x2f, 0x80, 0x4, 0xf5, 0x5f, 0x10, 0x0, 0xd8,
    0x5f, 0x0, 0x0, 0xc8, 0x2f, 0x30, 0x1, 0xf5,
    0xb, 0xd5, 0x4c, 0xd0, 0x0, 0x9e, 0xfc, 0x20,

    /* U+0037 "7" */
    0x5f, 0xff, 0xff, 0xf6, 0x13, 0x33, 0x35, 0xf3,
    0x0, 0x0, 0x9, 0xb0, 0x0, 0x0, 0x1f, 0x30,
    0x0, 0x0, 0x7c, 0x0, 0x0, 0x0, 0xe5, 0x0,
    0x0, 0x4, 0xf0, 0x0, 0x0, 0xa, 0xa0, 0x0,
    0x0, 0xe, 0x50, 0x0, 0x0, 0x4f, 0x0, 0x0,
    0x0, 0x8d, 0x0, 0x0, 0x0, 0xc9, 0x0, 0x0,

    /* U+0038 "8" */
    0x1, 0xbf, 0xe8, 0x0, 0xc, 0xa4, 0x6f, 0x70,
    0x1f, 0x0, 0x8, 0xc0, 0x2f, 0x0, 0x7, 0xc0,
    0xe, 0x80, 0x1d, 0x70, 0x4, 0xff, 0xfa, 0x0,
    0xd, 0xb5, 0x7e, 0x70, 0x6e, 0x0, 0x4, 0xf0,
    0x8b, 0x0, 0x1, 0xf2, 0x7e, 0x0, 0x6, 0xf1,
    0x2f, 0xc8, 0xaf, 0xa0, 0x4, 0xcf, 0xfa, 0x10,

    /* U+0039 "9" */
    0x2, 0xbf, 0xe7, 0x0, 0x1e, 0xc6, 0x8f, 0x70,
    0x7e, 0x10, 0x9, 0xe0, 0xab, 0x0, 0x5, 0xf0,
    0xab, 0x0, 0x7, 0xe0, 0x6f, 0x30, 0x1e, 0xa0,
    0xc, 0xfc, 0xff, 0x30, 0x0, 0x47, 0xeb, 0x0,
    0x0, 0x4, 0xf3, 0x0, 0x0, 0xb, 0xb0, 0x0,
    0x0, 0x3f, 0x20, 0x0, 0x0, 0xba, 0x0, 0x0,

    /* U+003A ":" */
    0xe9, 0x64, 0x0, 0x0, 0x0, 0x0, 0x64, 0xe9,

    /* U+003B ";" */
    0xe9, 0x64, 0x0, 0x0, 0x0, 0x0, 0x64, 0xe9,
    0x65, 0xa0,

    /* U+003C "<" */
    0x0, 0x0, 0x0, 0x0, 0x0, 0x0, 0x1, 0xd2,
    0x0, 0x0, 0x2d, 0x50, 0x0, 0x2, 0xd4, 0x0,
    0x0, 0x2d, 0x40, 0x0, 0x2, 0xd4, 0x0, 0x0,
    0x2d, 0x40, 0x0, 0x0, 0x1d, 0x50, 0x0, 0x0,
    0x1, 0xc6, 0x0, 0x0, 0x0, 0x1c, 0x60, 0x0,
    0x0, 0x0, 0xc7, 0x0, 0x0, 0x0, 0xc, 0x80,
    0x0, 0x0, 0x0, 0xb2, 0x0, 0x0, 0x0, 0x0,

    /* U+003D "=" */
    0xaf, 0xff, 0xff, 0xf6, 0x12, 0x22, 0x22, 0x20,
    0x0, 0x0, 0x0, 0x0, 0x0, 0x0, 0x0, 0x0,
    0xaf, 0xff, 0xff, 0xf6, 0x12, 0x22, 0x22, 0x20,

    /* U+003E ">" */
    0x0, 0x0, 0x0, 0x0, 0x4c, 0x10, 0x0, 0x0,
    0x6, 0xc1, 0x0, 0x0, 0x0, 0x6c, 0x10, 0x0,
    0x0, 0x6, 0xc1, 0x0, 0x0, 0x0, 0x5c, 0x10,
    0x0, 0x0, 0x5, 0xd1, 0x0, 0x0, 0x7, 0xc0,
    0x0, 0x0, 0x7b, 0x0, 0x0, 0x8, 0xb0, 0x0,
    0x0, 0x9a, 0x0, 0x0, 0x9, 0xa0, 0x0, 0x0,
    0x4a, 0x0, 0x0, 0x0, 0x0, 0x0, 0x0, 0x0,

    /* U+003F "?" */
    0x0, 0x9e, 0xe8, 0x0, 0x9e, 0x67, 0xf6, 0xf,
    0x70, 0xc, 0xb1, 0xd3, 0x0, 0xcc, 0x0, 0x0,
    0x2f, 0x70, 0x0, 0xd, 0xc0, 0x0, 0x8, 0xe1,
    0x0, 0x0, 0xc6, 0x0, 0x0, 0x4, 0x10, 0x0,
    0x0, 0x0, 0x0, 0x0, 0x9, 0x40, 0x0, 0x0,
    0xf7, 0x0,

    /* U+0040 "@" */
    0x0, 0x69, 0x89, 0x10, 0x6, 0x50, 0x1, 0x90,
    0x9, 0x7, 0xbb, 0x82, 0x54, 0x5a, 0x2d, 0x45,
    0x81, 0xc2, 0x4a, 0x27, 0x91, 0xe0, 0x67, 0x27,
    0x93, 0xc0, 0x95, 0x45, 0x92, 0xe1, 0xd4, 0x91,
    0x72, 0x9d, 0x7e, 0x60, 0x37, 0x0, 0x0, 0x0,
    0x9, 0x20, 0x4, 0x30, 0x0, 0x88, 0x86, 0x0,

    /* U+0041 "A" */
    0x0, 0xd, 0xb0, 0x0, 0x0, 0x1f, 0xf0, 0x0,
    0x0, 0x5f, 0xf3, 0x0, 0x0, 0x9a, 0xd7, 0x0,
    0x0, 0xd7, 0x9b, 0x0, 0x1, 0xf3, 0x5f, 0x0,
    0x6, 0xf0, 0x2f, 0x40, 0xa, 0xff, 0xff, 0x80,
    0xe, 0x93, 0x3a, 0xc0, 0x2f, 0x40, 0x6, 0xf0,
    0x6f, 0x0, 0x2, 0xf4, 0xac, 0x0, 0x0, 0xe8,

    /* U+0042 "B" */
    0x5f, 0xff, 0xe9, 0x0, 0x5f, 0x54, 0x6e, 0xa0,
    0x5f, 0x20, 0x7, 0xf0, 0x5f, 0x20, 0x7, 0xf0,
    0x5f, 0x20, 0x2d, 0xb0, 0x5f, 0xff, 0xfd, 0x10,
    0x5f, 0x53, 0x6e, 0xb0, 0x5f, 0x20, 0x4, 0xf3,
    0x5f, 0x20, 0x2, 0xf5, 0x5f, 0x20, 0x5, 0xf4,
    0x5f, 0x54, 0x6e, 0xe0, 0x5f, 0xff, 0xea, 0x20,

    /* U+0043 "C" */
    0x0, 0x6d, 0xfa, 0x10, 0x5, 0xf8, 0x5d, 0xb0,
    0xd, 0xa0, 0x4, 0xf2, 0x2f, 0x40, 0x1, 0xf4,
    0x5f, 0x20, 0x0, 0x51, 0x6f, 0x10, 0x0, 0x0,
    0x6f, 0x10, 0x0, 0x0, 0x6f, 0x10, 0x0, 0xc5,
    0x3f, 0x40, 0x1, 0xf5, 0xf, 0x90, 0x5, 0xf1,
    0x7, 0xf8, 0x6e, 0xa0, 0x0, 0x7e, 0xfa, 0x0,

    /* U+0044 "D" */
    0x5f, 0xff, 0xb3, 0x0, 0x5f, 0x55, 0xcf, 0x40,
    0x5f, 0x20, 0xd, 0xc0, 0x5f, 0x20, 0x7, 0xf1,
    0x5f, 0x20, 0x4, 0xf3, 0x5f, 0x20, 0x3, 0xf4,
    0x5f, 0x20, 0x3, 0xf4, 0x5f, 0x20, 0x4, 0xf3,
    0x5f, 0x20, 0x7, 0xf1, 0x5f, 0x20, 0xd, 0xb0,
    0x5f, 0x55, 0xcf, 0x30, 0x5f, 0xff, 0xb2, 0x0,

    /* U+0045 "E" */
    0x2f, 0xff, 0xff, 0xf0, 0x2f, 0x84, 0x44, 0x40,
    0x2f, 0x50, 0x0, 0x0, 0x2f, 0x50, 0x0, 0x0,
    0x2f, 0x50, 0x0, 0x0, 0x2f, 0xff, 0xff, 0x90,
    0x2f, 0x73, 0x33, 0x10, 0x2f, 0x50, 0x0, 0x0,
    0x2f, 0x50, 0x0, 0x0, 0x2f, 0x50, 0x0, 0x0,
    0x2f, 0x74, 0x44, 0x41, 0x2f, 0xff, 0xff, 0xf4,

    /* U+0046 "F" */
    0x4f, 0xff, 0xff, 0xf5, 0x4f, 0x64, 0x44, 0x41,
    0x4f, 0x30, 0x0, 0x0, 0x4f, 0x30, 0x0, 0x0,
    0x4f, 0x30, 0x0, 0x0, 0x4f, 0x30, 0x0, 0x0,
    0x4f, 0xff, 0xff, 0x10, 0x4f, 0x63, 0x33, 0x0,
    0x4f, 0x30, 0x0, 0x0, 0x4f, 0x30, 0x0, 0x0,
    0x4f, 0x30, 0x0, 0x0, 0x4f, 0x30, 0x0, 0x0,

    /* U+0047 "G" */
    0x0, 0x7e, 0xf9, 0x0, 0x6, 0xf7, 0x6f, 0x70,
    0xe, 0x80, 0x8, 0xe0, 0x2f, 0x40, 0x4, 0xf0,
    0x5f, 0x20, 0x0, 0x20, 0x6f, 0x10, 0x0, 0x0,
    0x6f, 0x11, 0xff, 0xf2, 0x6f, 0x10, 0x35, 0xf2,
    0x4f, 0x40, 0x2, 0xf2, 0xf, 0x90, 0x5, 0xf2,
    0x7, 0xf8, 0x6e, 0xf2, 0x0, 0x8e, 0xe7, 0xf2,

    /* U+0048 "H" */
    0x5f, 0x20, 0x5, 0xf2, 0x5f, 0x20, 0x5, 0xf2,
    0x5f, 0x20, 0x5, 0xf2, 0x5f, 0x20, 0x5, 0xf2,
    0x5f, 0x20, 0x5, 0xf2, 0x5f, 0xff, 0xff, 0xf2,
    0x5f, 0x53, 0x37, 0xf2, 0x5f, 0x20, 0x5, 0xf2,
    0x5f, 0x20, 0x5, 0xf2, 0x5f, 0x20, 0x5, 0xf2,
    0x5f, 0x20, 0x5, 0xf2, 0x5f, 0x20, 0x5, 0xf2,

    /* U+0049 "I" */
    0xda, 0xda, 0xda, 0xda, 0xda, 0xda, 0xda, 0xda,
    0xda, 0xda, 0xda, 0xda,

    /* U+004A "J" */
    0x0, 0x0, 0x7, 0xf0, 0x0, 0x0, 0x7f, 0x0,
    0x0, 0x7, 0xf0, 0x0, 0x0, 0x7f, 0x0, 0x0,
    0x7, 0xf0, 0x0, 0x0, 0x7f, 0x0, 0x0, 0x7,
    0xf2, 0xa2, 0x0, 0x7f, 0x2f, 0x40, 0x7, 0xf0,
    0xf7, 0x0, 0xad, 0xa, 0xf7, 0x9f, 0x70, 0x9,
    0xee, 0x80,

    /* U+004B "K" */
    0x5f, 0x20, 0xa, 0xe1, 0x5f, 0x20, 0x5f, 0x50,
    0x5f, 0x21, 0xe9, 0x0, 0x5f, 0x2b, 0xd0, 0x0,
    0x5f, 0x8f, 0x40, 0x0, 0x5f, 0xff, 0x70, 0x0,
    0x5f, 0xca, 0xe0, 0x0, 0x5f, 0x32, 0xf6, 0x0,
    0x5f, 0x20, 0xbe, 0x0, 0x5f, 0x20, 0x3f, 0x60,
    0x5f, 0x20, 0xb, 0xd0, 0x5f, 0x20, 0x3, 0xf6,

    /* U+004C "L" */
    0x4f, 0x30, 0x0, 0x0, 0x4f, 0x30, 0x0, 0x0,
    0x4f, 0x30, 0x0, 0x0, 0x4f, 0x30, 0x0, 0x0,
    0x4f, 0x30, 0x0, 0x0, 0x4f, 0x30, 0x0, 0x0,
    0x4f, 0x30, 0x0, 0x0, 0x4f, 0x30, 0x0, 0x0,
    0x4f, 0x30, 0x0, 0x0, 0x4f, 0x30, 0x0, 0x0,
    0x4f, 0x64, 0x44, 0x41, 0x4f, 0xff, 0xff, 0xf4,

    /* U+004D "M" */
    0x7f, 0x90, 0xb, 0xf5, 0x7f, 0xc0, 0xe, 0xf5,
    0x7f, 0xe0, 0xf, 0xf5, 0x7e, 0xf1, 0x3e, 0xf5,
    0x7d, 0xd4, 0x6b, 0xf5, 0x7d, 0xa6, 0x88, 0xf5,
    0x7d, 0x89, 0xb6, 0xf5, 0x7d, 0x5c, 0xe3, 0xf5,
    0x7d, 0x2f, 0xf0, 0xf5, 0x7d, 0xf, 0xd0, 0xf5,
    0x7d, 0xd, 0xb0, 0xf5, 0x7d, 0xa, 0x80, 0xf5,

    /* U+004E "N" */
    0x6f, 0x60, 0x5, 0xf2, 0x6f, 0xc0, 0x5, 0xf2,
    0x6f, 0xf2, 0x5, 0xf2, 0x6f, 0xd9, 0x5, 0xf2,
    0x6f, 0x7e, 0x5, 0xf2, 0x6f, 0x1f, 0x55, 0xf2,
    0x6f, 0x19, 0xc5, 0xf2, 0x6f, 0x13, 0xf7, 0xf2,
    0x6f, 0x10, 0xdd, 0xf2, 0x6f, 0x10, 0x6f, 0xf2,
    0x6f, 0x10, 0x1f, 0xf2, 0x6f, 0x10, 0xa, 0xf2,

    /* U+004F "O" */
    0x0, 0x9f, 0xe8, 0x0, 0xa, 0xf6, 0x7f, 0x80,
    0x2f, 0x60, 0x9, 0xe0, 0x5f, 0x10, 0x4, 0xf2,
    0x7f, 0x0, 0x2, 0xf4, 0x8f, 0x0, 0x2, 0xf5,
    0x8f, 0x0, 0x2, 0xf5, 0x7f, 0x0, 0x2, 0xf4,
    0x5f, 0x10, 0x4, 0xf2, 0x1f, 0x60, 0x9, 0xe0,
    0xa, 0xf6, 0x7f, 0x70, 0x0, 0x9f, 0xe8, 0x0,

    /* U+0050 "P" */
    0x3f, 0xff, 0xea, 0x10, 0x3f, 0x74, 0x6d, 0xc0,
    0x3f, 0x40, 0x4, 0xf3, 0x3f, 0x40, 0x1, 0xf5,
    0x3f, 0x40, 0x3, 0xf3, 0x3f, 0x40, 0x2b, 0xe0,
    0x3f, 0xff, 0xfe, 0x30, 0x3f, 0x63, 0x20, 0x0,
    0x3f, 0x40, 0x0, 0x0, 0x3f, 0x40, 0x0, 0x0,
    0x3f, 0x40, 0x0, 0x0, 0x3f, 0x40, 0x0, 0x0,

    /* U+0051 "Q" */
    0x0, 0x9f, 0xe8, 0x0, 0xa, 0xf6, 0x7f, 0x80,
    0x2f, 0x60, 0x9, 0xe0, 0x5f, 0x10, 0x4, 0xf2,
    0x7f, 0x0, 0x2, 0xf4, 0x8f, 0x0, 0x2, 0xf5,
    0x8f, 0x0, 0x2, 0xf5, 0x7f, 0x0, 0x73, 0xf4,
    0x5f, 0x10, 0xfb, 0xf2, 0x1f, 0x60, 0x8f, 0xe0,
    0xa, 0xf6, 0x8f, 0x90, 0x0, 0x9f, 0xed, 0xc0,
    0x0, 0x0, 0x2, 0x30,

    /* U+0052 "R" */
    0x5f, 0xff, 0xe9, 0x0, 0x5f, 0x54, 0x7f, 0xb0,
    0x5f, 0x20, 0x7, 0xf1, 0x5f, 0x20, 0x4, 0xf2,
    0x5f, 0x20, 0x6, 0xf1, 0x5f, 0x20, 0x3d, 0xc0,
    0x5f, 0xff, 0xfd, 0x20, 0x5f, 0x54, 0xf5, 0x0,
    0x5f, 0x20, 0xad, 0x0, 0x5f, 0x20, 0x2f, 0x40,
    0x5f, 0x20, 0xb, 0xc0, 0x5f, 0x20, 0x3, 0xf4,

    /* U+0053 "S" */
    0x0, 0x9e, 0xe9, 0x0, 0xa, 0xe6, 0x8f, 0x60,
    0xf, 0x50, 0xa, 0xc0, 0x2f, 0x50, 0x2, 0x50,
    0xd, 0xe4, 0x0, 0x0, 0x2, 0xcf, 0xc3, 0x0,
    0x0, 0x5, 0xdf, 0x50, 0x0, 0x0, 0xb, 0xf0,
    0x5d, 0x0, 0x4, 0xf3, 0x4f, 0x30, 0x5, 0xf1,
    0xd, 0xd5, 0x6e, 0xb0, 0x2, 0xbe, 0xe9, 0x10,

    /* U+0054 "T" */
    0x5f, 0xff, 0xff, 0xf2, 0x14, 0x4d, 0xb4, 0x40,
    0x0, 0xd, 0xa0, 0x0, 0x0, 0xd, 0xa0, 0x0,
    0x0, 0xd, 0xa0, 0x0, 0x0, 0xd, 0xa0, 0x0,
    0x0, 0xd, 0xa0, 0x0, 0x0, 0xd, 0xa0, 0x0,
    0x0, 0xd, 0xa0, 0x0, 0x0, 0xd, 0xa0, 0x0,
    0x0, 0xd, 0xa0, 0x0, 0x0, 0xd, 0xa0, 0x0,

    /* U+0055 "U" */
    0x5f, 0x20, 0x4, 0xf3, 0x5f, 0x20, 0x4, 0xf3,
    0x5f, 0x20, 0x4, 0xf3, 0x5f, 0x20, 0x4, 0xf3,
    0x5f, 0x20, 0x4, 0xf3, 0x5f, 0x20, 0x4, 0xf3,
    0x5f, 0x20, 0x4, 0xf3, 0x5f, 0x20, 0x4, 0xf3,
    0x4f, 0x20, 0x4, 0xf2, 0x2f, 0x40, 0x7, 0xf0,
    0xc, 0xe5, 0x6e, 0xa0, 0x1, 0xbe, 0xea, 0x10,

    /* U+0056 "V" */
    0xbb, 0x0, 0x0, 0xf7, 0x7f, 0x0, 0x3, 0xf3,
    0x3f, 0x30, 0x7, 0xf0, 0xf, 0x70, 0xb, 0xb0,
    0xb, 0xb0, 0xf, 0x70, 0x7, 0xe0, 0x3f, 0x30,
    0x2, 0xf2, 0x6e, 0x0, 0x0, 0xe6, 0xaa, 0x0,
    0x0, 0xaa, 0xe6, 0x0, 0x0, 0x6f, 0xf2, 0x0,
    0x0, 0x2f, 0xe0, 0x0, 0x0, 0xe, 0xa0, 0x0,

    /* U+0057 "W" */
    0xe7, 0xe, 0x90, 0xba, 0xc9, 0xf, 0xb0, 0xd8,
    0xaa, 0x1f, 0xd0, 0xe6, 0x8b, 0x3c, 0xf0, 0xf4,
    0x6d, 0x5a, 0xe3, 0xf2, 0x4e, 0x78, 0xc6, 0xf0,
    0x3f, 0xa6, 0xa9, 0xf0, 0x1f, 0xd4, 0x8d, 0xd0,
    0xf, 0xf2, 0x6f, 0xb0, 0xd, 0xf0, 0x4f, 0x90,
    0xb, 0xe0, 0x2f, 0x70, 0x9, 0xc0, 0xf, 0x50,

    /* U+0058 "X" */
    0x3f, 0x40, 0x8, 0xe0, 0xb, 0xa0, 0xe, 0x70,
    0x4, 0xf1, 0x5f, 0x10, 0x0, 0xd8, 0xc9, 0x0,
    0x0, 0x5f, 0xf2, 0x0, 0x0, 0xe, 0xb0, 0x0,
    0x0, 0x3f, 0xe0, 0x0, 0x0, 0xab, 0xe6, 0x0,
    0x2, 0xf4, 0x8d, 0x0, 0x9, 0xd0, 0x1f, 0x50,
    0x1f, 0x60, 0xa, 0xc0, 0x8e, 0x0, 0x3, 0xf4,

    /* U+0059 "Y" */
    0x8e, 0x0, 0x1, 0xf5, 0x1f, 0x50, 0x8, 0xe0,
    0xa, 0xc0, 0xe, 0x70, 0x3, 0xf2, 0x5f, 0x0,
    0x0, 0xb9, 0xc8, 0x0, 0x0, 0x4f, 0xf2, 0x0,
    0x0, 0xe, 0xb0, 0x0, 0x0, 0xd, 0xa0, 0x0,
    0x0, 0xd, 0xa0, 0x0, 0x0, 0xd, 0xa0, 0x0,
    0x0, 0xd, 0xa0, 0x0, 0x0, 0xd, 0xa0, 0x0,

    /* U+005A "Z" */
    0x1f, 0xff, 0xff, 0xf1, 0x4, 0x44, 0x4b, 0xe0,
    0x0, 0x0, 0x1f, 0x60, 0x0, 0x0, 0x9d, 0x0,
    0x0, 0x2, 0xf5, 0x0, 0x0, 0xa, 0xc0, 0x0,
    0x0, 0x2f, 0x40, 0x0, 0x0, 0xbb, 0x0, 0x0,
    0x3, 0xf3, 0x0, 0x0, 0xc, 0xa0, 0x0, 0x0,
    0x4f, 0x64, 0x44, 0x41, 0x7f, 0xff, 0xff, 0xf4,

    /* U+005B "[" */
    0xdf, 0xff, 0xe, 0x42, 0x20, 0xe3, 0x0, 0xe,
    0x30, 0x0, 0xe3, 0x0, 0xe, 0x30, 0x0, 0xe3,
    0x0, 0xe, 0x30, 0x0, 0xe3, 0x0, 0xe, 0x30,
    0x0, 0xe3, 0x0, 0xe, 0x30, 0x0, 0xe3, 0x0,
    0xe, 0x30, 0x0, 0xef, 0xff, 0x1, 0x22, 0x20,

    /* U+005C "\\" */
    0xe, 0x0, 0x0, 0x0, 0xa, 0x50, 0x0, 0x0,
    0x4, 0xb0, 0x0, 0x0, 0x0, 0xd2, 0x0, 0x0,
    0x0, 0x87, 0x0, 0x0, 0x0, 0x2d, 0x0, 0x0,
    0x0, 0xc, 0x30, 0x0, 0x0, 0x6, 0x90, 0x0,
    0x0, 0x0, 0xe0, 0x0, 0x0, 0x0, 0xa5, 0x0,
    0x0, 0x0, 0x4b, 0x0, 0x0, 0x0, 0xd, 0x20,
    0x0, 0x0, 0x8, 0x70, 0x0, 0x0, 0x2, 0xd0,

    /* U+005D "]" */
    0x3f, 0xff, 0xa0, 0x22, 0x7b, 0x0, 0x6, 0xb0,
    0x0, 0x6b, 0x0, 0x6, 0xb0, 0x0, 0x6b, 0x0,
    0x6, 0xb0, 0x0, 0x6b, 0x0, 0x6, 0xb0, 0x0,
    0x6b, 0x0, 0x6, 0xb0, 0x0, 0x6b, 0x0, 0x6,
    0xb0, 0x0, 0x6b, 0x3f, 0xff, 0xb0, 0x22, 0x21,

    /* U+005E "^" */
    0x0, 0x4f, 0xe1, 0x0, 0x1e, 0x8b, 0xb0, 0xb,
    0x80, 0xb, 0x70,

    /* U+005F "_" */
    0xcc, 0xcc, 0xcc, 0xcb,

    /* U+0060 "`" */
    0x9f, 0x30, 0xa, 0xc0, 0x0, 0xc6,

    /* U+0061 "a" */
    0x1, 0xae, 0xe9, 0x0, 0xa, 0xd4, 0x4e, 0x70,
    0x6, 0x30, 0xb, 0xa0, 0x0, 0x6b, 0xef, 0xb0,
    0xd, 0xd8, 0x59, 0xb0, 0x4f, 0x20, 0xa, 0xb0,
    0x2f, 0x51, 0x8f, 0xb0, 0x7, 0xee, 0xa9, 0xe0,

    /* U+0062 "b" */
    0x4f, 0x0, 0x0, 0x0, 0x4f, 0x0, 0x0, 0x0,
    0x4f, 0x0, 0x0, 0x0, 0x4f, 0x0, 0x0, 0x0,
    0x4f, 0x5e, 0xf8, 0x0, 0x4f, 0xd4, 0x6f, 0x60,
    0x4f, 0x40, 0x9, 0xd0, 0x4f, 0x0, 0x5, 0xf0,
    0x4f, 0x0, 0x5, 0xf0, 0x4f, 0x40, 0x8, 0xd0,
    0x4f, 0xd4, 0x6f, 0x70, 0x4f, 0x6e, 0xe8, 0x0,

    /* U+0063 "c" */
    0x0, 0xaf, 0xe9, 0x0, 0xb, 0xd5, 0x5e, 0x90,
    0x3f, 0x30, 0x5, 0x90, 0x5f, 0x0, 0x0, 0x0,
    0x5f, 0x0, 0x1, 0x30, 0x3f, 0x30, 0x6, 0xf0,
    0xb, 0xd5, 0x5d, 0x90, 0x0, 0xaf, 0xe9, 0x0,

    /* U+0064 "d" */
    0x0, 0x0, 0x6, 0xe0, 0x0, 0x0, 0x6e, 0x0,
    0x0, 0x6, 0xe0, 0x0, 0x0, 0x6e, 0x2, 0xbf,
    0xc8, 0xe0, 0xcd, 0x47, 0xfe, 0x3f, 0x30, 0xa,
    0xe5, 0xf0, 0x0, 0x7e, 0x6f, 0x0, 0x6, 0xe3,
    0xf2, 0x0, 0x9e, 0xd, 0xb2, 0x5f, 0xe0, 0x2b,
    0xfc, 0x9e,

    /* U+0065 "e" */
    0x0, 0x9e, 0xe8, 0x0, 0xa, 0xd3, 0x4e, 0x80,
    0x2f, 0x40, 0x8, 0xe0, 0x4f, 0xff, 0xff, 0xf0,
    0x4f, 0x22, 0x22, 0x20, 0x2f, 0x30, 0x3, 0xa0,
    0xa, 0xd5, 0x4d, 0xb0, 0x0, 0x9e, 0xe9, 0x10,

    /* U+0066 "f" */
    0x0, 0x4, 0xdf, 0xd1, 0x0, 0xf, 0x84, 0x61,
    0x0, 0x2f, 0x10, 0x0, 0x0, 0x3f, 0x10, 0x0,
    0x5f, 0xff, 0xff, 0xa0, 0x1, 0x3f, 0x11, 0x0,
    0x0, 0x3f, 0x10, 0x0, 0x0, 0x3f, 0x10, 0x0,
    0x0, 0x3f, 0x10, 0x0, 0x0, 0x3f, 0x10, 0x0,
    0x0, 0x3f, 0x10, 0x0, 0x0, 0x3f, 0x10, 0x0,

    /* U+0067 "g" */
    0x0, 0x0, 0x0, 0x0, 0x0, 0xaf, 0xd7, 0xd6,
    0x8, 0xc3, 0x8f, 0x21, 0xc, 0x70, 0x1f, 0x20,
    0x9, 0xb0, 0x6f, 0x0, 0x5, 0xff, 0xf5, 0x0,
    0xf, 0x12, 0x0, 0x0, 0xe, 0x93, 0x31, 0x0,
    0x8, 0xff, 0xff, 0xb0, 0x4e, 0x10, 0x4, 0xf1,
    0x9, 0xef, 0xec, 0x60,

    /* U+0068 "h" */
    0x2f, 0x20, 0x0, 0x2, 0xf2, 0x0, 0x0, 0x2f,
    0x20, 0x0, 0x2, 0xf2, 0x0, 0x0, 0x2f, 0x3b,
    0xfd, 0x32, 0xfd, 0x72, 0xbc, 0x2f, 0x90, 0x4,
    0xf2, 0xf4, 0x0, 0x4f, 0x2f, 0x20, 0x4, 0xf2,
    0xf2, 0x0, 0x4f, 0x2f, 0x20, 0x4, 0xf2, 0xf2,
    0x0, 0x4f,

    /* U+0069 "i" */
    0xc8, 0x96, 0x0, 0x0, 0xc8, 0xc8, 0xc8, 0xc8,
    0xc8, 0xc8, 0xc8, 0xc8,

    /* U+006A "j" */
    0x0, 0x8, 0xc0, 0x0, 0x69, 0x0, 0x0, 0x0,
    0x0, 0x0, 0x0, 0x8, 0xc0, 0x0, 0x8c, 0x0,
    0x8, 0xc0, 0x0, 0x8c, 0x0, 0x8, 0xc0, 0x0,
    0x8c, 0x0, 0x8, 0xc0, 0x0, 0x8b, 0x55, 0x4d,
    0x86, 0xff, 0xa0,

    /* U+006B "k" */
    0x1f, 0x30, 0x0, 0x0, 0x1f, 0x30, 0x0, 0x0,
    0x1f, 0x30, 0x0, 0x0, 0x1f, 0x30, 0x0, 0x0,
    0x1f, 0x30, 0x2f, 0x60, 0x1f, 0x31, 0xe8, 0x0,
    0x1f, 0x3d, 0xa0, 0x0, 0x1f, 0xde, 0xd0, 0x0,
    0x1f, 0xc1, 0xe6, 0x0, 0x1f, 0x30, 0x6e, 0x0,
    0x1f, 0x30, 0xe, 0x70, 0x1f, 0x30, 0x6, 0xf1,

    /* U+006C "l" */
    0xb9, 0xb9, 0xb9, 0xb9, 0xb9, 0xb9, 0xb9, 0xb9,
    0xb9, 0xb9, 0xb9, 0xb9,

    /* U+006D "m" */
    0xc9, 0xde, 0x5d, 0xe3, 0xce, 0x4d, 0xf4, 0xc9,
    0xc9, 0xb, 0xa0, 0xaa, 0xc8, 0xb, 0x90, 0xaa,
    0xc8, 0xb, 0x90, 0xaa, 0xc8, 0xb, 0x90, 0xaa,
    0xc8, 0xb, 0x90, 0xaa, 0xc8, 0xb, 0x90, 0xaa,

    /* U+006E "n" */
    0x2f, 0x3b, 0xfd, 0x32, 0xfe, 0x50, 0xac, 0x2f,
    0x80, 0x4, 0xf2, 0xf3, 0x0, 0x4f, 0x2f, 0x20,
    0x4, 0xf2, 0xf2, 0x0, 0x4f, 0x2f, 0x20, 0x4,
    0xf2, 0xf2, 0x0, 0x4f,

    /* U+006F "o" */
    0x0, 0x9f, 0xe8, 0x0, 0xa, 0xe5, 0x5e, 0x80,
    0x2f, 0x40, 0x6, 0xf1, 0x5f, 0x0, 0x2, 0xf3,
    0x5f, 0x0, 0x2, 0xf3, 0x2f, 0x30, 0x5, 0xf1,
    0xa, 0xd5, 0x5e, 0x80, 0x0, 0x9f, 0xe8, 0x0,

    /* U+0070 "p" */
    0x4f, 0x7e, 0xe8, 0x0, 0x4f, 0xc2, 0x4e, 0x70,
    0x4f, 0x30, 0x8, 0xd0, 0x4f, 0x0, 0x5, 0xf0,
    0x4f, 0x10, 0x5, 0xf0, 0x4f, 0x40, 0x9, 0xd0,
    0x4f, 0xd4, 0x6f, 0x60, 0x4f, 0x5e, 0xf8, 0x0,
    0x4f, 0x0, 0x0, 0x0, 0x4f, 0x0, 0x0, 0x0,

    /* U+0071 "q" */
    0x1, 0xbf, 0xc8, 0xe0, 0xdc, 0x47, 0xfe, 0x3f,
    0x20, 0xa, 0xe6, 0xf0, 0x0, 0x6e, 0x5f, 0x0,
    0x6, 0xe3, 0xf3, 0x0, 0xae, 0xc, 0xc4, 0x7f,
    0xe0, 0x2c, 0xfc, 0x8e, 0x0, 0x0, 0x6, 0xe0,
    0x0, 0x0, 0x6e,

    /* U+0072 "r" */
    0x6e, 0x8, 0xe3, 0x6e, 0xbb, 0x61, 0x6f, 0xa0,
    0x0, 0x6f, 0x10, 0x0, 0x6e, 0x0, 0x0, 0x6e,
    0x0, 0x0, 0x6e, 0x0, 0x0, 0x6e, 0x0, 0x0,

    /* U+0073 "s" */
    0x1a, 0xee, 0xa0, 0xac, 0x34, 0xd8, 0xc9, 0x0,
    0x22, 0x6f, 0xc8, 0x40, 0x2, 0x7b, 0xf7, 0x82,
    0x0, 0x8d, 0xbb, 0x33, 0xcb, 0x1a, 0xef, 0xb1,

    /* U+0074 "t" */
    0x0, 0x36, 0x0, 0x0, 0x7, 0xd0, 0x0, 0x0,
    0x7d, 0x0, 0x9, 0xff, 0xff, 0xf6, 0x1, 0x7d,
    0x11, 0x0, 0x7, 0xd0, 0x0, 0x0, 0x7d, 0x0,
    0x0, 0x7, 0xd0, 0x0, 0x0, 0x6d, 0x0, 0x0,
    0x3, 0xf5, 0x46, 0x0, 0x6, 0xef, 0xb0,

    /* U+0075 "u" */
    0x2f, 0x20, 0x4, 0xf2, 0xf2, 0x0, 0x4f, 0x2f,
    0x20, 0x4, 0xf2, 0xf2, 0x0, 0x4f, 0x2f, 0x20,
    0x5, 0xf1, 0xf2, 0x0, 0xaf, 0xe, 0x80, 0x6e,
    0xf0, 0x4e, 0xfa, 0x5f,

    /* U+0076 "v" */
    0x4f, 0x0, 0x4, 0xf0, 0xe, 0x50, 0x9, 0xb0,
    0x9, 0xa0, 0xe, 0x50, 0x4, 0xf0, 0x3f, 0x0,
    0x0, 0xf4, 0x8b, 0x0, 0x0, 0xa9, 0xd6, 0x0,
    0x0, 0x4f, 0xf1, 0x0, 0x0, 0xf, 0xb0, 0x0,

    /* U+0077 "w" */
    0xd7, 0xe, 0xa0, 0xb9, 0xa9, 0xf, 0xc0, 0xd6,
    0x7c, 0x3b, 0xe0, 0xf3, 0x4e, 0x68, 0xc4, 0xf0,
    0x1f, 0x96, 0xa9, 0xc0, 0xd, 0xe3, 0x7e, 0x90,
    0xa, 0xf0, 0x4f, 0x60, 0x7, 0xe0, 0x2f, 0x30,

    /* U+0078 "x" */
    0xe, 0x80, 0xc, 0xb0, 0x5, 0xf1, 0x5f, 0x20,
    0x0, 0xb9, 0xd7, 0x0, 0x0, 0x2f, 0xd0, 0x0,
    0x0, 0x3f, 0xe1, 0x0, 0x0, 0xd8, 0xc9, 0x0,
    0x7, 0xe0, 0x3f, 0x30, 0x2f, 0x50, 0x9, 0xd0,

    /* U+0079 "y" */
    0x5f, 0x10, 0x4, 0xf1, 0xf, 0x60, 0x9, 0xb0,
    0x9, 0xb0, 0xe, 0x50, 0x4, 0xf1, 0x4f, 0x0,
    0x0, 0xe6, 0x9a, 0x0, 0x0, 0x8c, 0xe4, 0x0,
    0x0, 0x3f, 0xe0, 0x0, 0x0, 0xd, 0x90, 0x0,
    0x4, 0x5f, 0x30, 0x0, 0xa, 0xf8, 0x0, 0x0,

    /* U+007A "z" */
    0xe, 0xff, 0xff, 0xa0, 0x1, 0x14, 0xf4, 0x0,
    0x0, 0xd9, 0x0, 0x0, 0xad, 0x0, 0x0, 0x5f,
    0x20, 0x0, 0x2f, 0x60, 0x0, 0xc, 0xb1, 0x11,
    0x2, 0xff, 0xff, 0xff,

    /* U+007B "{" */
    0x2, 0xdb, 0x9, 0xb0, 0xa, 0xa0, 0xa, 0xa0,
    0xa, 0xa0, 0xa, 0x90, 0xb, 0x80, 0x6f, 0x30,
    0xc, 0x80, 0xa, 0x90, 0xa, 0xa0, 0xa, 0xa0,
    0xa, 0xa0, 0x9, 0xb0, 0x3, 0xdb,

    /* U+007C "|" */
    0xb9, 0xb9, 0xb9, 0xb9, 0xb9, 0xb9, 0xb9, 0xb9,
    0xb9, 0xb9, 0xb9, 0xb9, 0xb9, 0xb9, 0xb9, 0xb9,
    0xb9,

    /* U+007D "}" */
    0xd, 0xc1, 0x0, 0xe, 0x60, 0x0, 0xd7, 0x0,
    0xd, 0x70, 0x0, 0xd7, 0x0, 0xc, 0x70, 0x0,
    0xb9, 0x0, 0x6, 0xf3, 0x0, 0xb9, 0x0, 0xc,
    0x70, 0x0, 0xd7, 0x0, 0xd, 0x70, 0x0, 0xd7,
    0x0, 0xe, 0x60, 0xd, 0xc1, 0x0,

    /* U+007E "~" */
    0x0, 0x0, 0x0, 0x0, 0x3, 0xfb, 0x0, 0x71,
    0xc, 0x6b, 0xc4, 0xe0, 0x9, 0x0, 0xbf, 0x70,
    0x0, 0x0, 0x3, 0x0,

    /* U+3001 "、" */
    0x0, 0x0, 0x7b, 0x0, 0x2f, 0x60, 0xa, 0xe1,
    0x3, 0xf8, 0x0, 0x71,

    /* U+3002 "。" */
    0x7, 0x60, 0xa5, 0x69, 0xc0, 0xc, 0x7a, 0xb6,
    0x2, 0x20,

    /* U+4E00 "一" */
    0x1a, 0xa9, 0x99, 0x99, 0x99, 0x99, 0x99, 0xa1,
    0x1f, 0xee, 0xee, 0xee, 0xee, 0xee, 0xee, 0xf1,

    /* U+4E0A "上" */
    0x0, 0x0, 0x0, 0x3b, 0x10, 0x0, 0x0, 0x0,
    0x0, 0x0, 0x0, 0x4f, 0x10, 0x0, 0x0, 0x0,
    0x0, 0x0, 0x0, 0x4f, 0x10, 0x0, 0x0, 0x0,
    0x0, 0x0, 0x0, 0x4f, 0x10, 0x0, 0x0, 0x0,
    0x0, 0x0, 0x0, 0x4f, 0x11, 0x11, 0x11, 0x0,
    0x0, 0x0, 0x0, 0x4f, 0xff, 0xff, 0xff, 0x0,
    0x0, 0x0, 0x0, 0x4f, 0x33, 0x33, 0x33, 0x0,
    0x0, 0x0, 0x0, 0x4f, 0x10, 0x0, 0x0, 0x0,
    0x0, 0x0, 0x0, 0x4f, 0x10, 0x0, 0x0, 0x0,
    0x0, 0x0, 0x0, 0x4f, 0x10, 0x0, 0x0, 0x0,
    0x0, 0x0, 0x0, 0x4f, 0x10, 0x0, 0x0, 0x0,
    0x0, 0x0, 0x0, 0x4f, 0x10, 0x0, 0x0, 0x0,
    0x5, 0x44, 0x44, 0x7f, 0x54, 0x44, 0x44, 0x51,
    0x1f, 0xee, 0xee, 0xee, 0xee, 0xee, 0xee, 0xe2,

    /* U+4E0B "下" */
    0x0, 0x0, 0x0, 0x0, 0x0, 0x0, 0x0, 0xff,
    0xff, 0xff, 0xff, 0xff, 0xff, 0xfe, 0x44, 0x33,
    0x35, 0xf6, 0x33, 0x33, 0x44, 0x0, 0x0, 0x2,
    0xf3, 0x0, 0x0, 0x0, 0x0, 0x0, 0x2, 0xf3,
    0x0, 0x0, 0x0, 0x0, 0x0, 0x2, 0xf3, 0x13,
    0x0, 0x0, 0x0, 0x0, 0x2, 0xf3, 0x9f, 0x40,
    0x0, 0x0, 0x0, 0x2, 0xf3, 0xa, 0xf5, 0x0,
    0x0, 0x0, 0x2, 0xf3, 0x0, 0xaf, 0x50, 0x0,
    0x0, 0x2, 0xf3, 0x0, 0xb, 0xc0, 0x0, 0x0,
    0x2, 0xf3, 0x0, 0x0, 0x10, 0x0, 0x0, 0x2,
    0xf3, 0x0, 0x0, 0x0, 0x0, 0x0, 0x2, 0xf3,
    0x0, 0x0, 0x0, 0x0, 0x0, 0x2, 0xf3, 0x0,
    0x0, 0x0,

    /* U+4E2D "中" */
    0x0, 0x0, 0x0, 0xf7, 0x0, 0x0, 0x0, 0x0,
    0x0, 0xf, 0x60, 0x0, 0x0, 0x0, 0x0, 0x0,
    0xe6, 0x0, 0x0, 0x1, 0xee, 0xee, 0xef, 0xfe,
    0xee, 0xe9, 0x1f, 0x51, 0x11, 0xe7, 0x11, 0x1b,
    0xa1, 0xf4, 0x0, 0xe, 0x60, 0x0, 0xba, 0x1f,
    0x40, 0x0, 0xe6, 0x0, 0xb, 0xa1, 0xf4, 0x0,
    0xe, 0x60, 0x0, 0xba, 0x1f, 0xff, 0xff, 0xff,
    0xff, 0xff, 0xa1, 0xb2, 0x0, 0xe, 0x60, 0x0,
    0x77, 0x0, 0x0, 0x0, 0xe6, 0x0, 0x0, 0x0,
    0x0, 0x0, 0xe, 0x60, 0x0, 0x0, 0x0, 0x0,
    0x0, 0xe6, 0x0, 0x0, 0x0, 0x0, 0x0, 0xe,
    0x60, 0x0, 0x0, 0x0, 0x0, 0x0, 0xf7, 0x0,
    0x0, 0x0,

    /* U+4E3B "主" */
    0x0, 0x0, 0x0, 0x0, 0x0, 0x0, 0x0, 0x0,
    0x0, 0x0, 0xd, 0x60, 0x0, 0x0, 0x0, 0x0,
    0x0, 0x0, 0x6f, 0x40, 0x0, 0x0, 0x0, 0x0,
    0x0, 0x0, 0x97, 0x0, 0x0, 0x0, 0x8, 0xed,
    0xdd, 0xdd, 0xdd, 0xdd, 0xde, 0x20, 0x24, 0x33,
    0x33, 0xf8, 0x33, 0x33, 0x40, 0x0, 0x0, 0x0,
    0xe, 0x60, 0x0, 0x0, 0x0, 0x0, 0x0, 0x0,
    0xe6, 0x0, 0x0, 0x0, 0x0, 0x33, 0x33, 0x3f,
    0x83, 0x33, 0x41, 0x0, 0xa, 0xdd, 0xdd, 0xfe,
    0xdd, 0xde, 0x30, 0x0, 0x0, 0x0, 0xe, 0x60,
    0x0, 0x0, 0x0, 0x0, 0x0, 0x0, 0xe6, 0x0,
    0x0, 0x0, 0x0, 0x0, 0x0, 0xe, 0x60, 0x0,
    0x0, 0x1, 0x33, 0x22, 0x22, 0xe7, 0x22, 0x22,
    0x33, 0x4e, 0xee, 0xee, 0xee, 0xee, 0xee, 0xee,
    0xe0,

    /* U+4E50 "乐" */
    0x0, 0x0, 0x0, 0x2, 0x47, 0xad, 0x0, 0x1,
    0xcd, 0xdf, 0xff, 0xdb, 0xa8, 0x20, 0x2, 0xf5,
    0x31, 0x25, 0x0, 0x0, 0x0, 0x4, 0xf0, 0x0,
    0x4f, 0x10, 0x0, 0x0, 0x6, 0xe0, 0x0, 0x4f,
    0x10, 0x0, 0x0, 0xa, 0xc0, 0x0, 0x4f, 0x10,
    0x0, 0x0, 0x1f, 0xff, 0xff, 0xff, 0xff, 0xff,
    0xfa, 0x5, 0x42, 0x22, 0x6f, 0x32, 0x22, 0x32,
    0x0, 0x7, 0x60, 0x4f, 0x10, 0x40, 0x0, 0x0,
    0x3f, 0x90, 0x4f, 0x14, 0xf7, 0x0, 0x2, 0xe9,
    0x0, 0x4f, 0x10, 0x6f, 0x80, 0x3e, 0xa0, 0x0,
    0x4f, 0x10, 0x7, 0xf8, 0x4a, 0x0, 0x0, 0x6f,
    0x0, 0x0, 0x73, 0x0, 0x0, 0x5f, 0xfc, 0x0,
    0x0, 0x0, 0x0, 0x0, 0x5, 0x30, 0x0, 0x0,
    0x0,

    /* U+4E91 "云" */
    0x0, 0x0, 0x0, 0x0, 0x0, 0x0, 0x0, 0x0,
    0xef, 0xff, 0xff, 0xff, 0xff, 0x40, 0x0, 0x32,
    0x22, 0x22, 0x22, 0x23, 0x0, 0x0, 0x0, 0x0,
    0x0, 0x0, 0x0, 0x0, 0x0, 0x0, 0x0, 0x0,
    0x0, 0x0, 0x0, 0x55, 0x55, 0x55, 0x55, 0x55,
    0x55, 0x55, 0xbb, 0xbb, 0xbe, 0xbb, 0xbb, 0xbb,
    0xbb, 0x0, 0x0, 0xe, 0xa0, 0x0, 0x0, 0x0,
    0x0, 0x0, 0x6f, 0x20, 0x0, 0x0, 0x0, 0x0,
    0x1, 0xe7, 0x0, 0x2d, 0x20, 0x0, 0x0, 0xa,
    0xb0, 0x0, 0xb, 0xd0, 0x0, 0x0, 0x6e, 0x10,
    0x0, 0x0, 0xdb, 0x0, 0x6, 0xf8, 0x67, 0x8a,
    0xbc, 0xef, 0x80, 0x6, 0xfd, 0xb9, 0x86, 0x53,
    0x26, 0xe1, 0x0, 0x0, 0x0, 0x0, 0x0, 0x0,
    0x10,

    /* U+4ECA "今" */
    0x0, 0x0, 0x0, 0x2, 0x0, 0x0, 0x0, 0x0,
    0x0, 0x0, 0x0, 0xe, 0xb0, 0x0, 0x0, 0x0,
    0x0, 0x0, 0x0, 0x7e, 0xe3, 0x0, 0x0, 0x0,
    0x0, 0x0, 0x2, 0xf3, 0x5e, 0x10, 0x0, 0x0,
    0x0, 0x0, 0x1e, 0x70, 0x9, 0xd1, 0x0, 0x0,
    0x0, 0x2, 0xe8, 0x15, 0x0, 0xbd, 0x20, 0x0,
    0x0, 0x5f, 0x80, 0x5f, 0x50, 0xa, 0xf7, 0x0,
    0x1b, 0xf6, 0x0, 0x8, 0xf1, 0x0, 0x8f, 0xd0,
    0x8, 0x30, 0x0, 0x0, 0x40, 0x0, 0x3, 0x60,
    0x0, 0x9, 0xff, 0xff, 0xff, 0xff, 0xf1, 0x0,
    0x0, 0x2, 0x22, 0x22, 0x22, 0x5f, 0xa0, 0x0,
    0x0, 0x0, 0x0, 0x0, 0x0, 0xdb, 0x0, 0x0,
    0x0, 0x0, 0x0, 0x0, 0x8, 0xe1, 0x0, 0x0,
    0x0, 0x0, 0x0, 0x0, 0x4f, 0x40, 0x0, 0x0,
    0x0, 0x0, 0x0, 0x1, 0xe9, 0x0, 0x0, 0x0,
    0x0, 0x0, 0x0, 0x0, 0x60, 0x0, 0x0, 0x0,

    /* U+4F20 "传" */
    0x0, 0x0, 0x0, 0x0, 0x12, 0x0, 0x0, 0x0,
    0x0, 0x2d, 0x20, 0x6, 0xe0, 0x0, 0x0, 0x0,
    0x8, 0xd0, 0x0, 0x8a, 0x0, 0x0, 0x0, 0x0,
    0xe7, 0x7c, 0xce, 0xec, 0xcc, 0xd1, 0x0, 0x7f,
    0x22, 0x33, 0xe7, 0x33, 0x34, 0x0, 0x1e, 0xf2,
    0x0, 0xf, 0x20, 0x0, 0x0, 0xa, 0xdf, 0x5e,
    0xdd, 0xfd, 0xdd, 0xdd, 0xc4, 0xf4, 0xf2, 0x32,
    0x8c, 0x22, 0x22, 0x22, 0x6, 0x1f, 0x20, 0xb,
    0x80, 0x0, 0x0, 0x0, 0x1, 0xf2, 0x0, 0xff,
    0xff, 0xff, 0x50, 0x0, 0x1f, 0x20, 0x1, 0x11,
    0x18, 0xd0, 0x0, 0x1, 0xf2, 0x0, 0x4, 0x0,
    0xe6, 0x0, 0x0, 0x1f, 0x20, 0x4, 0xfd, 0xae,
    0x0, 0x0, 0x1, 0xf2, 0x0, 0x1, 0x8f, 0xe5,
    0x0, 0x0, 0x2f, 0x20, 0x0, 0x0, 0x2a, 0xf3,
    0x0, 0x0, 0x0, 0x0, 0x0, 0x0, 0x2, 0x0,

    /* U+4F5C "作" */
    0x0, 0x0, 0x0, 0x0, 0x0, 0x0, 0x0, 0x0,
    0x0, 0x0, 0xc4, 0x0, 0xaa, 0x0, 0x0, 0x0,
    0x0, 0x5, 0xf5, 0x1, 0xf8, 0x0, 0x0, 0x0,
    0x0, 0xc, 0xc0, 0x8, 0xf1, 0x0, 0x0, 0x10,
    0x0, 0x4f, 0x60, 0x2f, 0xff, 0xff, 0xff, 0xf1,
    0x0, 0xdf, 0x60, 0xbd, 0x2f, 0x10, 0x0, 0x0,
    0x8, 0xef, 0x67, 0xf3, 0x2f, 0x10, 0x0, 0x0,
    0x3f, 0x5f, 0x60, 0x20, 0x2f, 0xff, 0xff, 0x50,
    0x7, 0xf, 0x60, 0x0, 0x2f, 0x21, 0x12, 0x0,
    0x0, 0xf, 0x60, 0x0, 0x2f, 0x10, 0x0, 0x0,
    0x0, 0xf, 0x60, 0x0, 0x2f, 0x10, 0x0, 0x0,
    0x0, 0xf, 0x60, 0x0, 0x2f, 0xff, 0xff, 0xc0,
    0x0, 0xf, 0x60, 0x0, 0x2f, 0x21, 0x11, 0x20,
    0x0, 0xf, 0x60, 0x0, 0x2f, 0x10, 0x0, 0x0,
    0x0, 0xf, 0x60, 0x0, 0x2f, 0x10, 0x0, 0x0,
    0x0, 0xf, 0x60, 0x0, 0x2f, 0x10, 0x0, 0x0,

    /* U+4FDD "保" */
    0x0, 0x2, 0x60, 0x0, 0x0, 0x0, 0x0, 0x0,
    0x0, 0x7, 0xc0, 0x4f, 0xff, 0xff, 0xf5, 0x0,
    0x0, 0xd, 0x50, 0x3e, 0x0, 0x0, 0xd4, 0x0,
    0x0, 0x5f, 0x0, 0x3e, 0x0, 0x0, 0xd4, 0x0,
    0x0, 0xdf, 0x0, 0x4f, 0xdd, 0xdd, 0xf4, 0x0,
    0x8, 0xdf, 0x0, 0x2, 0x2d, 0x72, 0x20, 0x0,
    0x4f, 0x4f, 0x0, 0x0, 0xd, 0x50, 0x0, 0x0,
    0x4, 0x2f, 0x3d, 0xdd, 0xdf, 0xed, 0xdd, 0xb0,
    0x0, 0x2f, 0x4, 0x34, 0xee, 0xf9, 0x33, 0x30,
    0x0, 0x2f, 0x0, 0xa, 0x7d, 0x8e, 0x20, 0x0,
    0x0, 0x2f, 0x0, 0x7c, 0xd, 0x57, 0xe2, 0x0,
    0x0, 0x2f, 0x8, 0xe1, 0xd, 0x50, 0x9f, 0x90,
    0x0, 0x2f, 0x3c, 0x20, 0xd, 0x50, 0x6, 0x80,
    0x0, 0x2f, 0x0, 0x0, 0xd, 0x60, 0x0, 0x0,

    /* U+4FE1 "信" */
    0x0, 0x0, 0x0, 0x0, 0x0, 0x0, 0x0, 0x0,
    0x0, 0x5, 0xc0, 0x0, 0xe, 0x30, 0x0, 0x0,
    0x0, 0xa, 0xa0, 0x0, 0x8, 0x60, 0x0, 0x0,
    0x0, 0xf, 0x4d, 0xff, 0xff, 0xff, 0xff, 0xf1,
    0x0, 0x6f, 0x21, 0x10, 0x0, 0x0, 0x1, 0x10,
    0x0, 0xdf, 0x20, 0x44, 0x44, 0x44, 0x45, 0x0,
    0x6, 0xef, 0x20, 0xaa, 0xaa, 0xaa, 0xab, 0x10,
    0x1e, 0x7f, 0x20, 0x21, 0x11, 0x11, 0x12, 0x0,
    0x1a, 0xf, 0x20, 0xdd, 0xdd, 0xdd, 0xde, 0x20,
    0x0, 0xf, 0x20, 0x0, 0x0, 0x0, 0x0, 0x0,
    0x0, 0xf, 0x20, 0xbe, 0xee, 0xee, 0xee, 0x0,
    0x0, 0xf, 0x20, 0xb7, 0x0, 0x0, 0x2f, 0x0,
    0x0, 0xf, 0x20, 0xb7, 0x0, 0x0, 0x2f, 0x0,
    0x0, 0xf, 0x20, 0xbf, 0xff, 0xff, 0xff, 0x0,
    0x0, 0xf, 0x20, 0xc7, 0x0, 0x0, 0x3f, 0x0,
    0x0, 0x2f, 0x20, 0x0, 0x0, 0x0, 0x0, 0x0,

    /* U+5019 "候" */
    0x0, 0x5, 0x40, 0x0, 0x10, 0x0, 0x0, 0x0,
    0x0, 0xd, 0x90, 0x4, 0xff, 0xff, 0xf0, 0x0,
    0x0, 0x2f, 0x16, 0x20, 0x0, 0x7, 0xb0, 0x0,
    0x0, 0x8d, 0xe, 0x6d, 0xdd, 0xde, 0xed, 0xd8,
    0x1, 0xfd, 0xe, 0x53, 0x77, 0x22, 0x22, 0x32,
    0x9, 0xed, 0xe, 0x50, 0xba, 0x33, 0x33, 0x0,
    0x1f, 0x6d, 0xe, 0x53, 0xfc, 0xee, 0xcd, 0x0,
    0x1, 0x4d, 0xe, 0x57, 0x70, 0x97, 0x0, 0x0,
    0x0, 0x4d, 0xe, 0x54, 0x44, 0xc8, 0x44, 0x41,
    0x0, 0x4d, 0xe, 0x5c, 0xbb, 0xfe, 0xbb, 0xc3,
    0x0, 0x4d, 0xe, 0x50, 0x4, 0xef, 0x20, 0x0,
    0x0, 0x4d, 0x0, 0x0, 0x3e, 0x58, 0xe3, 0x0,
    0x0, 0x4d, 0x0, 0x18, 0xf7, 0x0, 0xaf, 0x93,
    0x0, 0x5e, 0x0, 0xad, 0x40, 0x0, 0x5, 0xd2,
    0x0, 0x0, 0x0, 0x0, 0x0, 0x0, 0x0, 0x0,

    /* U+505C "停" */
    0x0, 0x2, 0x0, 0x0, 0x2, 0x20, 0x0, 0x0,
    0x0, 0xb, 0xa0, 0x0, 0xb, 0xb0, 0x0, 0x0,
    0x0, 0xf, 0x39, 0xee, 0xee, 0xfe, 0xee, 0xe1,
    0x0, 0x6f, 0x1, 0x11, 0x11, 0x11, 0x11, 0x10,
    0x0, 0xde, 0x0, 0x9f, 0xff, 0xff, 0xf7, 0x0,
    0x5, 0xfe, 0x0, 0x98, 0x0, 0x0, 0x97, 0x0,
    0xe, 0x9e, 0x0, 0x9e, 0xcc, 0xcc, 0xe7, 0x0,
    0x2d, 0x3e, 0x0, 0x23, 0x33, 0x33, 0x31, 0x0,
    0x0, 0x2e, 0x2f, 0xff, 0xff, 0xff, 0xff, 0xf4,
    0x0, 0x2e, 0x2e, 0x0, 0x0, 0x0, 0x0, 0xc4,
    0x0, 0x2e, 0x1, 0x7e, 0xee, 0xee, 0xe9, 0x10,
    0x0, 0x2e, 0x0, 0x0, 0x5, 0xc0, 0x0, 0x0,
    0x0, 0x2e, 0x0, 0x0, 0x5, 0xc0, 0x0, 0x0,
    0x0, 0x2f, 0x0, 0x0, 0x27, 0xc0, 0x0, 0x0,
    0x0, 0x3f, 0x0, 0x0, 0xcf, 0x80, 0x0, 0x0,
    0x0, 0x0, 0x0, 0x0, 0x21, 0x0, 0x0, 0x0,

    /* U+514B "克" */
    0x0, 0x0, 0x0, 0xc6, 0x0, 0x0, 0x0, 0x11,
    0x11, 0x11, 0xc6, 0x11, 0x11, 0x10, 0xaf, 0xff,
    0xff, 0xff, 0xff, 0xff, 0xf2, 0x0, 0x0, 0x0,
    0xc5, 0x0, 0x0, 0x0, 0x0, 0x0, 0x0, 0xc6,
    0x0, 0x0, 0x0, 0x0, 0xff, 0xff, 0xff, 0xff,
    0xff, 0x0, 0x0, 0xf5, 0x0, 0x0, 0x0, 0x4e,
    0x0, 0x0, 0xf5, 0x0, 0x0, 0x0, 0x4f, 0x0,
    0x0, 0xff, 0xff, 0xff, 0xff, 0xff, 0x0, 0x0,
    0x11, 0x6d, 0x18, 0xe1, 0x11, 0x0, 0x0, 0x0,
    0xa9, 0x8, 0xe0, 0x0, 0x0, 0x0, 0x8, 0xf2,
    0x8, 0xe0, 0x0, 0x52, 0x27, 0xdf, 0x50, 0x7,
    0xf3, 0x22, 0xc8, 0x5f, 0xb2, 0x0, 0x3, 0xdf,
    0xfe, 0xc1, 0x2, 0x0, 0x0, 0x0, 0x0, 0x0,
    0x0,

    /* U+5165 "入" */
    0x0, 0x0, 0x8, 0x10, 0x0, 0x0, 0x0, 0x0,
    0x0, 0x0, 0x3e, 0xd1, 0x0, 0x0, 0x0, 0x0,
    0x0, 0x0, 0x1, 0xdd, 0x10, 0x0, 0x0, 0x0,
    0x0, 0x0, 0x0, 0x1e, 0xa0, 0x0, 0x0, 0x0,
    0x0, 0x0, 0x0, 0xb, 0xf2, 0x0, 0x0, 0x0,
    0x0, 0x0, 0x0, 0x2f, 0xda, 0x0, 0x0, 0x0,
    0x0, 0x0, 0x0, 0xab, 0x5f, 0x10, 0x0, 0x0,
    0x0, 0x0, 0x3, 0xf4, 0xe, 0x80, 0x0, 0x0,
    0x0, 0x0, 0xc, 0xb0, 0x7, 0xf1, 0x0, 0x0,
    0x0, 0x0, 0x8f, 0x20, 0x0, 0xeb, 0x0, 0x0,
    0x0, 0x5, 0xf6, 0x0, 0x0, 0x6f, 0xa0, 0x0,
    0x0, 0x6f, 0x80, 0x0, 0x0, 0x9, 0xfc, 0x20,
    0x1a, 0xf9, 0x0, 0x0, 0x0, 0x0, 0x9f, 0xe1,
    0xc, 0x70, 0x0, 0x0, 0x0, 0x0, 0x7, 0x50,
    0x0, 0x0, 0x0, 0x0, 0x0, 0x0, 0x0, 0x0,

    /* U+51B2 "冲" */
    0x0, 0x0, 0x0, 0x0, 0x6, 0xf0, 0x0, 0x0,
    0x11, 0x0, 0x0, 0x0, 0x5e, 0x0, 0x0, 0xc,
    0xd1, 0x0, 0x0, 0x5, 0xe0, 0x0, 0x0, 0x2e,
    0xd1, 0x5f, 0xff, 0xff, 0xff, 0xfd, 0x0, 0x2e,
    0x65, 0xe1, 0x15, 0xe1, 0x17, 0xc0, 0x0, 0x10,
    0x5e, 0x0, 0x5e, 0x0, 0x7c, 0x0, 0x0, 0x5,
    0xe0, 0x5, 0xe0, 0x7, 0xc0, 0x0, 0x69, 0x5e,
    0x0, 0x5e, 0x0, 0x7c, 0x0, 0xd, 0xa5, 0xff,
    0xff, 0xff, 0xff, 0xc0, 0x6, 0xf1, 0x5e, 0x11,
    0x6e, 0x11, 0x8d, 0x1, 0xe8, 0x2, 0x70, 0x5,
    0xe0, 0x2, 0x50, 0xbe, 0x10, 0x0, 0x0, 0x5e,
    0x0, 0x0, 0x1c, 0x60, 0x0, 0x0, 0x5, 0xf0,
    0x0, 0x0, 0x0, 0x0, 0x0, 0x0, 0x5f, 0x0,
    0x0,

    /* U+51C6 "准" */
    0x0, 0x0, 0x0, 0x19, 0x23, 0xa0, 0x0, 0x0,
    0x7, 0x20, 0x0, 0x6f, 0x11, 0xda, 0x0, 0x0,
    0xa, 0xe2, 0x0, 0xcb, 0x11, 0x46, 0x12, 0x10,
    0x0, 0xae, 0x14, 0xfe, 0xee, 0xfe, 0xee, 0xa0,
    0x0, 0x8, 0xc, 0xf6, 0x0, 0xf5, 0x0, 0x0,
    0x0, 0x0, 0x7f, 0xf7, 0x11, 0xf6, 0x12, 0x0,
    0x0, 0x0, 0x67, 0xee, 0xee, 0xfe, 0xee, 0x30,
    0x0, 0x7, 0x0, 0xe6, 0x0, 0xf5, 0x0, 0x0,
    0x0, 0x5e, 0x0, 0xe6, 0x0, 0xf5, 0x0, 0x0,
    0x0, 0xc8, 0x0, 0xef, 0xff, 0xff, 0xff, 0x30,
    0x3, 0xf2, 0x0, 0xe6, 0x0, 0xf5, 0x0, 0x0,
    0xc, 0xb0, 0x0, 0xe6, 0x0, 0xf5, 0x0, 0x0,
    0x1e, 0x50, 0x0, 0xef, 0xff, 0xff, 0xff, 0xf2,
    0x1, 0x0, 0x0, 0xe7, 0x22, 0x22, 0x22, 0x30,
    0x0, 0x0, 0x0, 0xe6, 0x0, 0x0, 0x0, 0x0,

    /* U+51FA "出" */
    0x0, 0x0, 0x0, 0xf5, 0x0, 0x0, 0x0, 0x11,
    0x0, 0xe, 0x40, 0x0, 0x10, 0x9, 0xa0, 0x0,
    0xe4, 0x0, 0xf, 0x40, 0x99, 0x0, 0xe, 0x40,
    0x0, 0xe4, 0x9, 0x90, 0x0, 0xe4, 0x0, 0xe,
    0x40, 0x9a, 0x22, 0x2e, 0x62, 0x22, 0xe4, 0x8,
    0xee, 0xee, 0xfe, 0xee, 0xee, 0x40, 0x10, 0x0,
    0xe, 0x40, 0x0, 0x0, 0x4f, 0x0, 0x0, 0xe4,
    0x0, 0x6, 0xd4, 0xf0, 0x0, 0xe, 0x40, 0x0,
    0x5d, 0x4f, 0x0, 0x0, 0xe4, 0x0, 0x5, 0xd4,
    0xf0, 0x0, 0xe, 0x40, 0x0, 0x5d, 0x4f, 0xcc,
    0xcc, 0xfd, 0xcc, 0xcd, 0xd1, 0x44, 0x44, 0x44,
    0x44, 0x44, 0x8d, 0x0, 0x0, 0x0, 0x0, 0x0,
    0x5, 0xd0,

    /* U+51FB "击" */
    0x0, 0x0, 0x0, 0xe, 0x60, 0x0, 0x0, 0x0,
    0x0, 0x0, 0x0, 0xd, 0x50, 0x0, 0x0, 0x0,
    0x0, 0x32, 0x11, 0x1d, 0x61, 0x11, 0x21, 0x0,
    0x0, 0xff, 0xff, 0xff, 0xff, 0xff, 0xf9, 0x0,
    0x0, 0x0, 0x0, 0xd, 0x50, 0x0, 0x0, 0x0,
    0x0, 0x0, 0x0, 0xd, 0x50, 0x0, 0x0, 0x0,
    0x34, 0x44, 0x44, 0x4e, 0x84, 0x44, 0x44, 0x40,
    0x7b, 0xbb, 0xbb, 0xbf, 0xdb, 0xbb, 0xbb, 0xb1,
    0x0, 0x0, 0x0, 0xd, 0x50, 0x0, 0x0, 0x0,
    0x0, 0x5e, 0x0, 0xd, 0x50, 0x0, 0xf5, 0x0,
    0x0, 0x5f, 0x0, 0xd, 0x50, 0x0, 0xf5, 0x0,
    0x0, 0x5f, 0x0, 0xd, 0x50, 0x0, 0xf5, 0x0,
    0x0, 0x5f, 0x44, 0x4e, 0x84, 0x44, 0xf5, 0x0,
    0x0, 0x4b, 0xbb, 0xbb, 0xbb, 0xbb, 0xf5, 0x0,

    /* U+521B "创" */
    0x0, 0x0, 0x2, 0x0, 0x0, 0x0, 0x0, 0x0,
    0x0, 0x5, 0xf2, 0x0, 0x0, 0x0, 0xe4, 0x0,
    0x0, 0xdf, 0x90, 0x0, 0x0, 0xe, 0x40, 0x0,
    0x9e, 0x3c, 0xd2, 0xa, 0x20, 0xd4, 0x0, 0x5f,
    0x40, 0xb, 0xe2, 0xf3, 0xd, 0x40, 0x5f, 0x60,
    0x0, 0xa, 0x1f, 0x20, 0xd4, 0x1e, 0xbe, 0xee,
    0xee, 0x0, 0xf2, 0xd, 0x40, 0x13, 0xf3, 0x36,
    0xf0, 0xf, 0x20, 0xd4, 0x0, 0x3e, 0x0, 0x3f,
    0x0, 0xf2, 0xd, 0x40, 0x3, 0xe0, 0x4, 0xf0,
    0xf, 0x20, 0xd4, 0x0, 0x3e, 0x8, 0xdc, 0x0,
    0xf2, 0xd, 0x40, 0x3, 0xe0, 0x89, 0x20, 0x1f,
    0x30, 0xd4, 0x0, 0x3e, 0x0, 0x0, 0x92, 0x0,
    0xd, 0x40, 0x3, 0xf2, 0x11, 0x3f, 0x40, 0x0,
    0xe4, 0x0, 0xd, 0xff, 0xff, 0xb0, 0x4, 0xff,
    0x10, 0x0, 0x0, 0x0, 0x0, 0x0, 0x6, 0x20,

    /* U+5220 "删" */
    0x0, 0x0, 0x0, 0x0, 0x0, 0x0, 0x4, 0xf0,
    0xf, 0xff, 0x44, 0xff, 0xf0, 0x31, 0x3e, 0x0,
    0xf1, 0xd3, 0x4d, 0x1f, 0xe, 0x53, 0xe0, 0xf,
    0x1d, 0x33, 0xd1, 0xf0, 0xd4, 0x3e, 0x0, 0xf1,
    0xd3, 0x3d, 0x1f, 0xd, 0x43, 0xe0, 0x1f, 0x1d,
    0x44, 0xd1, 0xf1, 0xd4, 0x3e, 0x3f, 0xff, 0xff,
    0xff, 0xff, 0xdd, 0x43, 0xe0, 0xf, 0xd, 0x33,
    0xd1, 0xf0, 0xd4, 0x3e, 0x1, 0xf0, 0xd3, 0x3d,
    0x1f, 0xd, 0x43, 0xe0, 0x2f, 0xd, 0x34, 0xc1,
    0xf0, 0xd4, 0x3e, 0x4, 0xd0, 0xd3, 0x5b, 0x1f,
    0xd, 0x53, 0xe0, 0x7a, 0xd, 0x38, 0xa1, 0xf0,
    0x0, 0x3e, 0xc, 0x50, 0xd3, 0xd7, 0x1f, 0x0,
    0x3, 0xe4, 0xf0, 0xaf, 0x7f, 0x29, 0xf0, 0x9,
    0xbd, 0x4, 0x4, 0x40, 0x0, 0x74, 0x0, 0x8a,
    0x30,

    /* U+5236 "制" */
    0x0, 0x0, 0xf7, 0x0, 0x0, 0x0, 0xd, 0x50,
    0x8b, 0xe, 0x60, 0x0, 0x0, 0x0, 0xe5, 0xd,
    0xc6, 0xfa, 0x66, 0x60, 0xc4, 0xe, 0x54, 0xf9,
    0x9f, 0xc9, 0x99, 0xe, 0x40, 0xe5, 0x48, 0x0,
    0xe6, 0x0, 0x0, 0xe4, 0xe, 0x56, 0x99, 0x9f,
    0xb9, 0x99, 0x2e, 0x40, 0xe5, 0x46, 0x66, 0xfa,
    0x66, 0x61, 0xe4, 0xe, 0x50, 0x0, 0xe, 0x60,
    0x0, 0xe, 0x40, 0xe5, 0xd, 0xee, 0xfe, 0xee,
    0xe0, 0xe4, 0xe, 0x50, 0xe6, 0x1e, 0x71, 0x5f,
    0xf, 0x40, 0xe5, 0xe, 0x50, 0xe6, 0x4, 0xf0,
    0xf4, 0xe, 0x50, 0xe5, 0xe, 0x63, 0xaf, 0x0,
    0x0, 0xe5, 0xf, 0x50, 0xe6, 0x5e, 0x80, 0x0,
    0x1f, 0x40, 0x0, 0xf, 0x60, 0x0, 0x0, 0x8e,
    0xa1, 0x0, 0x0, 0x0, 0x0, 0x0, 0x0, 0x0,
    0x0,

    /* U+529F "功" */
    0x0, 0x0, 0x0, 0x0, 0x5, 0xb0, 0x0, 0x0,
    0x0, 0x0, 0x0, 0x0, 0x5, 0xe0, 0x0, 0x0,
    0x8, 0xcc, 0xcc, 0xc0, 0x5, 0xd0, 0x0, 0x0,
    0x3, 0x48, 0xe4, 0x53, 0x37, 0xe3, 0x33, 0x30,
    0x0, 0x5, 0xe0, 0xb, 0xde, 0xfd, 0xde, 0xf1,
    0x0, 0x5, 0xe0, 0x0, 0x6, 0xc0, 0x3, 0xf0,
    0x0, 0x5, 0xe0, 0x0, 0x7, 0xb0, 0x4, 0xf0,
    0x0, 0x5, 0xe0, 0x0, 0x8, 0x90, 0x5, 0xe0,
    0x0, 0x5, 0xe0, 0x0, 0xb, 0x70, 0x6, 0xd0,
    0x0, 0x5, 0xe1, 0x53, 0x1f, 0x30, 0x7, 0xc0,
    0x4, 0x7c, 0xff, 0xc4, 0x8d, 0x0, 0x9, 0xb0,
    0xc, 0xd9, 0x40, 0x2, 0xf4, 0x0, 0xa, 0xa0,
    0x0, 0x0, 0x0, 0x2d, 0xa0, 0x3, 0x4e, 0x70,
    0x0, 0x0, 0x3, 0xfb, 0x0, 0xd, 0xfb, 0x10,
    0x0, 0x0, 0x0, 0x60, 0x0, 0x1, 0x0, 0x0,

    /* U+52A0 "加" */
    0x0, 0x3, 0xd3, 0x0, 0x0, 0x0, 0x0, 0x0,
    0x0, 0x3f, 0x10, 0x0, 0x0, 0x0, 0x0, 0x0,
    0x3, 0xf0, 0x0, 0x8, 0x99, 0x99, 0x20, 0x9e,
    0xef, 0xdd, 0xd4, 0xea, 0x88, 0xf3, 0x2, 0x37,
    0xe3, 0x3e, 0x4e, 0x40, 0xf, 0x30, 0x0, 0x6d,
    0x0, 0xf3, 0xd4, 0x0, 0xf3, 0x0, 0x7, 0xc0,
    0xf, 0x2d, 0x40, 0xf, 0x30, 0x0, 0x99, 0x1,
    0xf1, 0xd4, 0x0, 0xf3, 0x0, 0xc, 0x70, 0x1f,
    0xd, 0x40, 0xf, 0x30, 0x0, 0xf3, 0x2, 0xf0,
    0xd4, 0x0, 0xf3, 0x0, 0x5e, 0x0, 0x3e, 0xd,
    0x40, 0xf, 0x30, 0xd, 0x80, 0x4, 0xd0, 0xdf,
    0xff, 0xf3, 0x7, 0xf1, 0x17, 0xcb, 0xe, 0x74,
    0x4f, 0x31, 0xe7, 0x0, 0xdb, 0x20, 0xe4, 0x0,
    0xd3, 0x1, 0x0, 0x0, 0x0, 0x0, 0x0, 0x0,
    0x0,

    /* U+5355 "单" */
    0x0, 0x0, 0x0, 0x0, 0x0, 0x0, 0x0, 0x0,
    0x0, 0x6, 0x70, 0x0, 0x2d, 0x40, 0x0, 0x0,
    0x0, 0x2f, 0x20, 0x9, 0xe1, 0x0, 0x0, 0x0,
    0x11, 0x94, 0x12, 0xf7, 0x11, 0x0, 0x0, 0x2f,
    0xff, 0xff, 0xff, 0xff, 0xf3, 0x0, 0x2, 0xf1,
    0x0, 0xe4, 0x0, 0x1f, 0x30, 0x0, 0x2f, 0x54,
    0x4e, 0x74, 0x45, 0xf3, 0x0, 0x2, 0xfb, 0xbb,
    0xfc, 0xbb, 0xbf, 0x30, 0x0, 0x2f, 0x10, 0xe,
    0x40, 0x1, 0xf3, 0x0, 0x2, 0xff, 0xff, 0xff,
    0xff, 0xff, 0x30, 0x0, 0x0, 0x0, 0xe, 0x50,
    0x0, 0x0, 0x0, 0x43, 0x33, 0x33, 0xe7, 0x33,
    0x33, 0x33, 0x2e, 0xee, 0xee, 0xef, 0xee, 0xee,
    0xee, 0xb0, 0x0, 0x0, 0x0, 0xe4, 0x0, 0x0,
    0x0, 0x0, 0x0, 0x0, 0xe, 0x40, 0x0, 0x0,
    0x0, 0x0, 0x0, 0x0, 0xf5, 0x0, 0x0, 0x0,

    /* U+5386 "历" */
    0x0, 0x0, 0x0, 0x0, 0x0, 0x0, 0x0, 0x0,
    0x5, 0xff, 0xff, 0xff, 0xff, 0xff, 0xf6, 0x0,
    0x4f, 0x11, 0x11, 0x66, 0x11, 0x11, 0x0, 0x4,
    0xf0, 0x0, 0x9, 0xd0, 0x0, 0x0, 0x0, 0x4f,
    0x0, 0x0, 0x9b, 0x0, 0x0, 0x0, 0x4, 0xf0,
    0x21, 0x1a, 0xa1, 0x11, 0x10, 0x0, 0x4f, 0xf,
    0xff, 0xff, 0xff, 0xff, 0x40, 0x5, 0xe0, 0x0,
    0xc, 0x70, 0x2, 0xf2, 0x0, 0x6d, 0x0, 0x0,
    0xf4, 0x0, 0x3f, 0x10, 0x8, 0xc0, 0x0, 0x3f,
    0x0, 0x4, 0xf0, 0x0, 0xba, 0x0, 0xa, 0xa0,
    0x0, 0x6f, 0x0, 0xe, 0x70, 0x4, 0xf3, 0x0,
    0x7, 0xe0, 0x4, 0xf3, 0x4, 0xf9, 0x0, 0x0,
    0xbc, 0x0, 0xce, 0x8, 0xfb, 0x0, 0x7, 0xff,
    0x80, 0x8, 0x60, 0x18, 0x0, 0x0, 0x17, 0x40,
    0x0,

    /* U+53D6 "取" */
    0x0, 0x0, 0x0, 0x0, 0x0, 0x0, 0x0, 0x0,
    0x2f, 0xff, 0xff, 0xff, 0xae, 0xdd, 0xdd, 0x30,
    0x0, 0xe3, 0x0, 0xe3, 0x1f, 0x52, 0x3f, 0x20,
    0x0, 0xe3, 0x0, 0xe3, 0xe, 0x40, 0x2f, 0x0,
    0x0, 0xee, 0xdd, 0xf3, 0xc, 0x50, 0x4e, 0x0,
    0x0, 0xe4, 0x11, 0xe3, 0xb, 0x60, 0x7c, 0x0,
    0x0, 0xe3, 0x0, 0xe3, 0x9, 0x90, 0xb8, 0x0,
    0x0, 0xe7, 0x44, 0xe3, 0x5, 0xc0, 0xf4, 0x0,
    0x0, 0xec, 0xbb, 0xf3, 0x1, 0xf7, 0xe0, 0x0,
    0x0, 0xe3, 0x0, 0xe3, 0x0, 0xbf, 0x70, 0x0,
    0x0, 0xe3, 0x2, 0xec, 0xb0, 0x8f, 0x40, 0x0,
    0x4, 0xfc, 0xed, 0xf7, 0x12, 0xfc, 0xd1, 0x0,
    0x1f, 0xb6, 0x10, 0xe3, 0x2d, 0xa0, 0xbe, 0x40,
    0x1, 0x0, 0x0, 0xe4, 0xec, 0x0, 0xc, 0xe1,
    0x0, 0x0, 0x0, 0xf4, 0x20, 0x0, 0x0, 0x20,

    /* U+53E3 "口" */
    0x5f, 0xff, 0xff, 0xff, 0xff, 0xf6, 0x5e, 0x11,
    0x11, 0x11, 0x11, 0xd6, 0x5e, 0x0, 0x0, 0x0,
    0x0, 0xd6, 0x5e, 0x0, 0x0, 0x0, 0x0, 0xd6,
    0x5e, 0x0, 0x0, 0x0, 0x0, 0xd6, 0x5e, 0x0,
    0x0, 0x0, 0x0, 0xd6, 0x5e, 0x0, 0x0, 0x0,
    0x0, 0xd6, 0x5e, 0x0, 0x0, 0x0, 0x0, 0xd6,
    0x5e, 0x0, 0x0, 0x0, 0x0, 0xd6, 0x5e, 0x11,
    0x11, 0x11, 0x11, 0xd6, 0x5f, 0xff, 0xff, 0xff,
    0xff, 0xf6, 0x5e, 0x0, 0x0, 0x0, 0x0, 0xd7,

    /* U+53F2 "史" */
    0x0, 0x0, 0x0, 0x4, 0x20, 0x0, 0x0, 0x0,
    0x0, 0x0, 0x0, 0xc, 0xa0, 0x0, 0x0, 0x0,
    0x0, 0x0, 0x0, 0xc, 0x90, 0x0, 0x0, 0x0,
    0x0, 0xbc, 0xcc, 0xcf, 0xec, 0xcc, 0xc5, 0x0,
    0x0, 0xe9, 0x44, 0x4d, 0xa4, 0x44, 0xf6, 0x0,
    0x0, 0xd7, 0x0, 0xc, 0x80, 0x0, 0xe6, 0x0,
    0x0, 0xd7, 0x0, 0xc, 0x80, 0x0, 0xe6, 0x0,
    0x0, 0xe9, 0x33, 0x3d, 0xa3, 0x33, 0xf6, 0x0,
    0x0, 0xcd, 0xdd, 0xdf, 0xed, 0xdd, 0xd5, 0x0,
    0x0, 0x7, 0x50, 0xe, 0x50, 0x0, 0x0, 0x0,
    0x0, 0x7, 0xf4, 0x2f, 0x20, 0x0, 0x0, 0x0,
    0x0, 0x0, 0x8f, 0xbd, 0x0, 0x0, 0x0, 0x0,
    0x0, 0x0, 0xb, 0xfd, 0x30, 0x0, 0x0, 0x0,
    0x0, 0x37, 0xdd, 0x59, 0xfd, 0xa7, 0x55, 0x50,
    0x2e, 0xfd, 0x60, 0x0, 0x16, 0x9c, 0xef, 0x80,
    0x3, 0x10, 0x0, 0x0, 0x0, 0x0, 0x0, 0x0,

    /* U+53F7 "号" */
    0x0, 0x7, 0xff, 0xff, 0xff, 0xff, 0x80, 0x0,
    0x0, 0x7, 0xc0, 0x0, 0x0, 0xb, 0x80, 0x0,
    0x0, 0x7, 0xc0, 0x0, 0x0, 0xb, 0x80, 0x0,
    0x0, 0x7, 0xff, 0xff, 0xff, 0xff, 0x80, 0x0,
    0x0, 0x0, 0x0, 0x0, 0x0, 0x0, 0x0, 0x0,
    0xd, 0xcc, 0xcc, 0xcc, 0xcc, 0xcc, 0xcc, 0xd0,
    0x4, 0x33, 0x6f, 0x33, 0x33, 0x33, 0x33, 0x40,
    0x0, 0x0, 0x8c, 0x0, 0x0, 0x0, 0x0, 0x0,
    0x0, 0x0, 0xce, 0xdd, 0xdd, 0xdd, 0xb0, 0x0,
    0x0, 0x0, 0x33, 0x33, 0x33, 0x3b, 0xb0, 0x0,
    0x0, 0x0, 0x0, 0x0, 0x0, 0xb, 0x90, 0x0,
    0x0, 0x0, 0x0, 0x0, 0x0, 0xe, 0x70, 0x0,
    0x0, 0x0, 0x0, 0x2, 0x55, 0x8f, 0x30, 0x0,
    0x0, 0x0, 0x0, 0x2, 0xff, 0xc7, 0x0, 0x0,
    0x0, 0x0, 0x0, 0x0, 0x0, 0x0, 0x0, 0x0,

    /* U+5426 "否" */
    0x0, 0x0, 0x0, 0x0, 0x0, 0x0, 0x0, 0x0,
    0x1, 0xff, 0xff, 0xff, 0xff, 0xff, 0xff, 0x80,
    0x0, 0x22, 0x11, 0x2c, 0xe3, 0x11, 0x12, 0x10,
    0x0, 0x0, 0x1, 0xcf, 0x80, 0x20, 0x0, 0x0,
    0x0, 0x0, 0x5e, 0xee, 0x81, 0xfd, 0x50, 0x0,
    0x0, 0x5d, 0xf9, 0x1d, 0x80, 0x3a, 0xfd, 0x50,
    0xd, 0xfa, 0x20, 0xd, 0x80, 0x0, 0x3c, 0xf3,
    0x3, 0x20, 0x0, 0xd, 0x80, 0x0, 0x0, 0x30,
    0x0, 0xc, 0xff, 0xff, 0xff, 0xff, 0xf2, 0x0,
    0x0, 0xc, 0x92, 0x22, 0x22, 0x25, 0xf1, 0x0,
    0x0, 0xc, 0x80, 0x0, 0x0, 0x3, 0xf1, 0x0,
    0x0, 0xc, 0x80, 0x0, 0x0, 0x3, 0xf1, 0x0,
    0x0, 0xc, 0xff, 0xff, 0xff, 0xff, 0xf1, 0x0,
    0x0, 0xc, 0x92, 0x22, 0x22, 0x25, 0xf2, 0x0,
    0x0, 0x1, 0x10, 0x0, 0x0, 0x0, 0x0, 0x0,

    /* U+5468 "周" */
    0x0, 0x7f, 0xff, 0xff, 0xff, 0xff, 0xff, 0x0,
    0x7, 0xc0, 0x0, 0x48, 0x0, 0x3, 0xf0, 0x0,
    0x6c, 0x4, 0x48, 0xd4, 0x41, 0x3f, 0x0, 0x6,
    0xc0, 0xcd, 0xdf, 0xcc, 0x43, 0xf0, 0x0, 0x6b,
    0x0, 0x5, 0xc0, 0x0, 0x3f, 0x0, 0x6, 0xb8,
    0xff, 0xff, 0xef, 0xf6, 0xf0, 0x0, 0x8a, 0x0,
    0x0, 0x0, 0x1, 0x4f, 0x0, 0x9, 0x90, 0xef,
    0xff, 0xff, 0x13, 0xf0, 0x0, 0xc7, 0xe, 0x40,
    0x2, 0xf1, 0x3f, 0x0, 0xf, 0x40, 0xe4, 0x0,
    0x1f, 0x13, 0xf0, 0x5, 0xf1, 0xe, 0xff, 0xff,
    0xf1, 0x3f, 0x0, 0xdb, 0x0, 0x0, 0x0, 0x2,
    0x37, 0xe0, 0x1b, 0x40, 0x0, 0x0, 0x0, 0x3f,
    0xe8, 0x0, 0x0, 0x0, 0x0, 0x0, 0x0, 0x0,
    0x0,

    /* U+54CD "响" */
    0x0, 0x0, 0x0, 0x1, 0x0, 0x0, 0x0, 0x0,
    0x0, 0x0, 0xb, 0xc0, 0x0, 0x0, 0x56, 0x66,
    0x0, 0xe, 0x60, 0x0, 0x0, 0xea, 0x9f, 0xf,
    0xff, 0xff, 0xff, 0xf5, 0xe3, 0xf, 0xf, 0x30,
    0x0, 0x0, 0xe5, 0xd3, 0xf, 0xf, 0x30, 0x0,
    0x0, 0xe5, 0xd3, 0xf, 0xf, 0x3c, 0xff, 0xf0,
    0xe5, 0xd3, 0xf, 0xf, 0x3d, 0x51, 0xf0, 0xe5,
    0xd3, 0xf, 0xf, 0x3d, 0x40, 0xf0, 0xe5, 0xd3,
    0xf, 0xf, 0x3d, 0x40, 0xf0, 0xe5, 0xd7, 0x5f,
    0xf, 0x3d, 0x40, 0xf0, 0xe5, 0xea, 0x9f, 0xf,
    0x3c, 0xff, 0xf0, 0xe5, 0xe3, 0x8, 0xf, 0x30,
    0x0, 0x0, 0xe5, 0x41, 0x0, 0xf, 0x30, 0x0,
    0x14, 0xf5, 0x0, 0x0, 0xf, 0x30, 0x0, 0x3d,
    0xa0,

    /* U+5668 "器" */
    0x0, 0x9f, 0xee, 0xf4, 0x5f, 0xee, 0xee, 0x0,
    0x0, 0x88, 0x0, 0xc3, 0x4c, 0x0, 0x3d, 0x0,
    0x0, 0x8e, 0xee, 0xe3, 0x4e, 0xee, 0xed, 0x0,
    0x0, 0x0, 0x0, 0x9, 0x70, 0x38, 0x0, 0x0,
    0x2, 0x54, 0x44, 0x4e, 0xa4, 0x6d, 0x54, 0x40,
    0x4, 0xba, 0xaa, 0xdf, 0xfd, 0xaa, 0xaa, 0xa0,
    0x0, 0x1, 0x49, 0xd4, 0x2c, 0xb6, 0x31, 0x10,
    0xb, 0xfe, 0xa5, 0x0, 0x0, 0x49, 0xcf, 0xf1,
    0x1, 0x8c, 0xcc, 0xc3, 0x3c, 0xcc, 0xcb, 0x0,
    0x0, 0x89, 0x22, 0xd3, 0x3d, 0x22, 0x5d, 0x0,
    0x0, 0x88, 0x0, 0xc3, 0x3c, 0x0, 0x3d, 0x0,
    0x0, 0x8e, 0xdd, 0xf3, 0x3f, 0xdd, 0xed, 0x0,
    0x0, 0x98, 0x0, 0xc4, 0x4c, 0x0, 0x3d, 0x0,
    0x0, 0x0, 0x0, 0x0, 0x0, 0x0, 0x0, 0x0,

    /* U+56DE "回" */
    0x3f, 0xff, 0xff, 0xff, 0xff, 0xff, 0xf1, 0x3f,
    0x11, 0x11, 0x11, 0x11, 0x12, 0xf1, 0x3f, 0x0,
    0x0, 0x0, 0x0, 0x2, 0xf1, 0x3f, 0x0, 0xef,
    0xff, 0xfe, 0x2, 0xf1, 0x3f, 0x0, 0xe4, 0x0,
    0x4e, 0x2, 0xf1, 0x3f, 0x0, 0xe4, 0x0, 0x4e,
    0x2, 0xf1, 0x3f, 0x0, 0xe4, 0x0, 0x4e, 0x2,
    0xf1, 0x3f, 0x0, 0xed, 0xcc, 0xdf, 0x2, 0xf1,
    0x3f, 0x0, 0x44, 0x44, 0x44, 0x2, 0xf1, 0x3f,
    0x0, 0x0, 0x0, 0x0, 0x2, 0xf1, 0x3f, 0x0,
    0x0, 0x0, 0x0, 0x2, 0xf1, 0x3f, 0xff, 0xff,
    0xff, 0xff, 0xff, 0xf1, 0x3f, 0x0, 0x0, 0x0,
    0x0, 0x2, 0xf1, 0x0, 0x0, 0x0, 0x0, 0x0,
    0x0, 0x10,

    /* U+5728 "在" */
    0x0, 0x0, 0x0, 0x4b, 0x10, 0x0, 0x0, 0x0,
    0x0, 0x0, 0x0, 0x9d, 0x0, 0x0, 0x0, 0x0,
    0x2, 0x54, 0x44, 0xea, 0x44, 0x44, 0x44, 0x40,
    0x5, 0xcc, 0xcd, 0xfc, 0xcc, 0xcc, 0xcc, 0xc0,
    0x0, 0x0, 0xa, 0xa0, 0x9, 0x60, 0x0, 0x0,
    0x0, 0x0, 0x2f, 0x20, 0xc, 0x80, 0x0, 0x0,
    0x0, 0x6, 0xd6, 0x0, 0xc, 0x80, 0x0, 0x0,
    0x0, 0x2e, 0xb1, 0xed, 0xdf, 0xed, 0xde, 0x0,
    0x3, 0xef, 0x90, 0x43, 0x3c, 0x93, 0x34, 0x0,
    0x2f, 0xa9, 0x90, 0x0, 0xc, 0x80, 0x0, 0x0,
    0x4, 0x9, 0x90, 0x0, 0xc, 0x80, 0x0, 0x0,
    0x0, 0x9, 0x90, 0x0, 0xc, 0x80, 0x0, 0x0,
    0x0, 0x9, 0x92, 0x22, 0x2c, 0x92, 0x22, 0x30,
    0x0, 0xa, 0x9a, 0xdd, 0xdd, 0xdd, 0xdd, 0xe0,
    0x0, 0xa, 0xa0, 0x0, 0x0, 0x0, 0x0, 0x0,

    /* U+5740 "址" */
    0x0, 0x0, 0x0, 0x0, 0x0, 0xe7, 0x0, 0x0,
    0x0, 0x5f, 0x0, 0x0, 0x0, 0xd6, 0x0, 0x0,
    0x0, 0x5f, 0x0, 0x0, 0x0, 0xd6, 0x0, 0x0,
    0x0, 0x5f, 0x0, 0x8, 0x30, 0xd6, 0x0, 0x0,
    0x29, 0xbf, 0x98, 0xf, 0x50, 0xd7, 0x22, 0x10,
    0x28, 0xaf, 0x76, 0xf, 0x40, 0xdf, 0xff, 0x80,
    0x0, 0x5f, 0x0, 0xf, 0x40, 0xd6, 0x0, 0x0,
    0x0, 0x5f, 0x0, 0xf, 0x40, 0xd6, 0x0, 0x0,
    0x0, 0x5f, 0x0, 0xf, 0x40, 0xd6, 0x0, 0x0,
    0x0, 0x5f, 0x0, 0xf, 0x40, 0xd6, 0x0, 0x0,
    0x0, 0x5f, 0xae, 0xf, 0x40, 0xd6, 0x0, 0x0,
    0x3c, 0xff, 0xa4, 0xf, 0x40, 0xd6, 0x0, 0x0,
    0x2d, 0x60, 0x14, 0x3f, 0x63, 0xe8, 0x33, 0x40,
    0x0, 0x0, 0x3e, 0xdd, 0xdd, 0xdd, 0xdd, 0xe2,

    /* U+5883 "境" */
    0x0, 0x0, 0x0, 0x0, 0x8, 0x40, 0x0, 0x0,
    0x0, 0xe3, 0x9, 0xee, 0xef, 0xfe, 0xef, 0x10,
    0x0, 0xd3, 0x0, 0x8, 0x30, 0x3c, 0x11, 0x0,
    0x0, 0xd3, 0x0, 0x9, 0x80, 0x7c, 0x0, 0x0,
    0x5e, 0xfe, 0x8d, 0xee, 0xee, 0xff, 0xee, 0xb0,
    0x13, 0xd5, 0x23, 0x22, 0x22, 0x22, 0x22, 0x20,
    0x0, 0xd3, 0x4, 0xfe, 0xee, 0xee, 0xf7, 0x0,
    0x0, 0xd3, 0x4, 0xf0, 0x0, 0x0, 0x97, 0x0,
    0x0, 0xd3, 0x3, 0xfe, 0xee, 0xee, 0xf7, 0x0,
    0x0, 0xd3, 0x34, 0xf1, 0x11, 0x11, 0xa7, 0x0,
    0x3, 0xee, 0xd3, 0xcd, 0xfc, 0xfd, 0xc6, 0x0,
    0x5c, 0x61, 0x0, 0xc, 0x70, 0xf3, 0x0, 0x0,
    0x0, 0x0, 0x26, 0xcb, 0x0, 0xf5, 0x17, 0xd0,
    0x0, 0x3, 0xfd, 0x60, 0x0, 0xbf, 0xff, 0x80,
    0x0, 0x0, 0x10, 0x0, 0x0, 0x0, 0x0, 0x0,

    /* U+5907 "备" */
    0x0, 0x0, 0x0, 0x0, 0x0, 0x0, 0x0, 0x0,
    0x0, 0x0, 0xc4, 0x0, 0x0, 0x0, 0x0, 0x0,
    0x0, 0x7e, 0x32, 0x22, 0x22, 0x0, 0x0, 0x0,
    0x3f, 0xbb, 0xbb, 0xbe, 0xd0, 0x0, 0x0, 0x3e,
    0xea, 0x0, 0x4, 0xf3, 0x0, 0x0, 0x1e, 0x80,
    0xbc, 0x15, 0xe5, 0x0, 0x0, 0x0, 0x10, 0x0,
    0xbf, 0xf4, 0x0, 0x0, 0x0, 0x1, 0x37, 0xce,
    0x9d, 0xea, 0x64, 0x32, 0x4e, 0xfd, 0x95, 0x0,
    0x3, 0x7a, 0xdf, 0x90, 0x41, 0xef, 0xff, 0xff,
    0xff, 0xf3, 0x0, 0x0, 0xd, 0x40, 0xe, 0x30,
    0xf, 0x30, 0x0, 0x0, 0xde, 0xdd, 0xfe, 0xdd,
    0xf3, 0x0, 0x0, 0xd, 0x51, 0x1e, 0x41, 0x1f,
    0x30, 0x0, 0x0, 0xd5, 0x0, 0xe3, 0x0, 0xf3,
    0x0, 0x0, 0xd, 0xff, 0xff, 0xff, 0xff, 0x30,
    0x0, 0x0, 0xe4, 0x0, 0x0, 0x0, 0xf3, 0x0,

    /* U+5929 "天" */
    0x0, 0x0, 0x0, 0x0, 0x0, 0x0, 0x0, 0x0,
    0x0, 0xbf, 0xff, 0xff, 0xff, 0xff, 0xf3, 0x0,
    0x0, 0x23, 0x33, 0x3d, 0x83, 0x33, 0x30, 0x0,
    0x0, 0x0, 0x0, 0xd, 0x60, 0x0, 0x0, 0x0,
    0x0, 0x0, 0x0, 0xd, 0x60, 0x0, 0x0, 0x0,
    0xb, 0xee, 0xee, 0xef, 0xfe, 0xee, 0xee, 0x80,
    0x4, 0x44, 0x44, 0x6f, 0xd4, 0x44, 0x44, 0x20,
    0x0, 0x0, 0x0, 0x7e, 0xf2, 0x0, 0x0, 0x0,
    0x0, 0x0, 0x0, 0xe7, 0xbb, 0x0, 0x0, 0x0,
    0x0, 0x0, 0x8, 0xf1, 0x2f, 0x70, 0x0, 0x0,
    0x0, 0x0, 0x6f, 0x60, 0x7, 0xf4, 0x0, 0x0,
    0x0, 0x9, 0xf8, 0x0, 0x0, 0x9f, 0x80, 0x0,
    0x6, 0xef, 0x50, 0x0, 0x0, 0x6, 0xfe, 0x90,
    0x3e, 0xa2, 0x0, 0x0, 0x0, 0x0, 0x19, 0x70,
    0x0, 0x0, 0x0, 0x0, 0x0, 0x0, 0x0, 0x0,

    /* U+5931 "失" */
    0x0, 0x0, 0x0, 0x5, 0x50, 0x0, 0x0, 0x0,
    0x0, 0x2, 0x20, 0xa, 0xa0, 0x0, 0x0, 0x0,
    0x0, 0x9, 0xc0, 0xa, 0x90, 0x0, 0x0, 0x0,
    0x0, 0xe, 0x72, 0x2b, 0xa2, 0x22, 0x32, 0x0,
    0x0, 0x7f, 0xee, 0xef, 0xfe, 0xee, 0xe8, 0x0,
    0x1, 0xe5, 0x0, 0xb, 0x80, 0x0, 0x0, 0x0,
    0x7, 0xb0, 0x0, 0xc, 0x70, 0x0, 0x0, 0x0,
    0x4, 0x54, 0x44, 0x4d, 0x94, 0x44, 0x44, 0x30,
    0xc, 0xcc, 0xcc, 0xcf, 0xfc, 0xcc, 0xcc, 0x80,
    0x0, 0x0, 0x0, 0x6e, 0xe5, 0x0, 0x0, 0x0,
    0x0, 0x0, 0x1, 0xe6, 0x5f, 0x30, 0x0, 0x0,
    0x0, 0x0, 0x2d, 0xa0, 0x8, 0xf7, 0x0, 0x0,
    0x0, 0x7, 0xfa, 0x0, 0x0, 0x6f, 0xe8, 0x30,
    0x8, 0xef, 0x70, 0x0, 0x0, 0x1, 0xaf, 0xb0,
    0x5, 0x81, 0x0, 0x0, 0x0, 0x0, 0x1, 0x10,

    /* U+59CB "始" */
    0x0, 0x0, 0x0, 0x0, 0x0, 0x0, 0x0, 0x0,
    0x0, 0x4d, 0x0, 0x0, 0xb, 0x50, 0x0, 0x0,
    0x0, 0x6c, 0x0, 0x0, 0x3f, 0x30, 0x0, 0x0,
    0x0, 0x89, 0x0, 0x0, 0xa9, 0x0, 0x40, 0x0,
    0x4b, 0xed, 0xbb, 0x13, 0xe1, 0x5, 0xf3, 0x0,
    0x37, 0xf8, 0x8f, 0x1d, 0x50, 0x0, 0x9e, 0x10,
    0x0, 0xf0, 0x3e, 0x8f, 0xee, 0xfe, 0xde, 0xc0,
    0x4, 0xd0, 0x6b, 0x26, 0x31, 0x0, 0x1, 0x40,
    0x8, 0x90, 0xa8, 0x1, 0x22, 0x22, 0x22, 0x0,
    0xc, 0x80, 0xe3, 0xd, 0xff, 0xff, 0xff, 0x10,
    0x6, 0xec, 0xe0, 0xc, 0x60, 0x0, 0x3f, 0x0,
    0x0, 0x1f, 0xe2, 0xc, 0x60, 0x0, 0x3f, 0x0,
    0x0, 0x5e, 0x8f, 0x3c, 0x60, 0x0, 0x3f, 0x0,
    0x2, 0xe6, 0x6, 0x1c, 0xff, 0xff, 0xff, 0x0,
    0x2e, 0xb0, 0x0, 0xc, 0x71, 0x11, 0x4f, 0x0,
    0x1b, 0x10, 0x0, 0xd, 0x60, 0x0, 0x3f, 0x10,
    0x0, 0x0, 0x0, 0x0, 0x0, 0x0, 0x0, 0x0,

    /* U+5B58 "存" */
    0x0, 0x0, 0x0, 0x0, 0x0, 0x0, 0x0, 0x0,
    0x0, 0x0, 0x0, 0x6f, 0x20, 0x0, 0x0, 0x0,
    0x0, 0x0, 0x0, 0xca, 0x0, 0x0, 0x0, 0x0,
    0x1, 0xff, 0xff, 0xff, 0xff, 0xff, 0xff, 0xb0,
    0x0, 0x22, 0x1b, 0xa1, 0x11, 0x11, 0x12, 0x10,
    0x0, 0x1, 0x7f, 0x20, 0x0, 0x0, 0x0, 0x0,
    0x0, 0x5, 0xf7, 0x4f, 0xff, 0xff, 0xff, 0x40,
    0x0, 0xd, 0xd0, 0x2, 0x11, 0x16, 0xfb, 0x10,
    0x0, 0xbf, 0xb0, 0x0, 0x0, 0xae, 0x50, 0x0,
    0xa, 0xe7, 0xb1, 0x22, 0x22, 0xf6, 0x22, 0x20,
    0x3, 0x35, 0xb5, 0xff, 0xff, 0xff, 0xff, 0xf2,
    0x0, 0x5, 0xb0, 0x0, 0x0, 0xe5, 0x0, 0x0,
    0x0, 0x5, 0xb0, 0x0, 0x0, 0xe5, 0x0, 0x0,
    0x0, 0x5, 0xb0, 0x0, 0x0, 0xe5, 0x0, 0x0,
    0x0, 0x5, 0xc0, 0x0, 0x36, 0xf4, 0x0, 0x0,
    0x0, 0x0, 0x0, 0x0, 0x6d, 0x90, 0x0, 0x0,

    /* U+5B8C "完" */
    0x0, 0x0, 0x0, 0x0, 0x0, 0x0, 0x0, 0x0,
    0x0, 0x0, 0x0, 0x2d, 0x10, 0x0, 0x0, 0x0,
    0x1, 0x11, 0x11, 0x2e, 0xb1, 0x11, 0x11, 0x10,
    0xc, 0xff, 0xff, 0xff, 0xff, 0xff, 0xff, 0xe0,
    0xc, 0x90, 0x0, 0x0, 0x0, 0x0, 0x5, 0xe0,
    0xb, 0x81, 0x43, 0x33, 0x33, 0x34, 0x5, 0xd0,
    0x0, 0x5, 0xee, 0xee, 0xee, 0xee, 0x20, 0x0,
    0x0, 0x0, 0x0, 0x0, 0x0, 0x0, 0x0, 0x0,
    0x1e, 0xdd, 0xdd, 0xdd, 0xdd, 0xdd, 0xdd, 0xe1,
    0x4, 0x33, 0x3d, 0xa3, 0x5f, 0x53, 0x33, 0x40,
    0x0, 0x0, 0xf, 0x70, 0x2f, 0x20, 0x0, 0x0,
    0x0, 0x0, 0x4f, 0x30, 0x2f, 0x20, 0x0, 0x0,
    0x0, 0x0, 0xcc, 0x0, 0x2f, 0x20, 0x3, 0x70,
    0x0, 0x3d, 0xe2, 0x0, 0x2f, 0x62, 0x29, 0xe0,
    0x1c, 0xfc, 0x20, 0x0, 0xc, 0xff, 0xff, 0x50,
    0x5, 0x40, 0x0, 0x0, 0x0, 0x0, 0x0, 0x0,

    /* U+5B9A "定" */
    0x0, 0x0, 0x0, 0x4, 0x0, 0x0, 0x0, 0x0,
    0x0, 0x0, 0x0, 0x1f, 0x70, 0x0, 0x0, 0x0,
    0x0, 0x0, 0x0, 0x7, 0x90, 0x0, 0x0, 0x0,
    0x3, 0xee, 0xee, 0xee, 0xee, 0xee, 0xee, 0x50,
    0x3, 0xf2, 0x11, 0x11, 0x11, 0x11, 0x1f, 0x50,
    0x2, 0x90, 0x0, 0x0, 0x0, 0x0, 0x8, 0x30,
    0x0, 0x7, 0xff, 0xff, 0xff, 0xff, 0xf0, 0x0,
    0x0, 0x1, 0x21, 0x16, 0xe1, 0x11, 0x20, 0x0,
    0x0, 0x1, 0x30, 0x5, 0xe0, 0x0, 0x0, 0x0,
    0x0, 0x5, 0xf2, 0x5, 0xe2, 0x22, 0x31, 0x0,
    0x0, 0xb, 0xb0, 0x5, 0xfe, 0xee, 0xe7, 0x0,
    0x0, 0x2f, 0xb0, 0x5, 0xe0, 0x0, 0x0, 0x0,
    0x0, 0xbd, 0xbb, 0x15, 0xe0, 0x0, 0x0, 0x0,
    0x8, 0xf3, 0x9, 0xfc, 0xf4, 0x32, 0x34, 0x50,
    0x3f, 0x60, 0x0, 0x39, 0xce, 0xff, 0xff, 0xb0,
    0x1, 0x0, 0x0, 0x0, 0x0, 0x0, 0x0, 0x0,

    /* U+5BC6 "密" */
    0x0, 0x0, 0x0, 0x8, 0x70, 0x0, 0x0, 0x0,
    0x1, 0x33, 0x33, 0x3c, 0xe3, 0x33, 0x33, 0x30,
    0x6, 0xfd, 0xdd, 0xdd, 0xdd, 0xdd, 0xde, 0xf0,
    0x6, 0xe0, 0x0, 0x3e, 0x40, 0x0, 0x5, 0xf0,
    0x2, 0x75, 0x7, 0x38, 0xc0, 0xbc, 0x3, 0x40,
    0x0, 0x8e, 0xf, 0x50, 0x1c, 0xc2, 0x1f, 0x70,
    0x1, 0xe7, 0xf, 0x67, 0xe7, 0x3, 0x17, 0xf3,
    0x0, 0x31, 0x1f, 0xfb, 0x31, 0x1c, 0xe0, 0x40,
    0x4, 0x7b, 0xfe, 0xff, 0xff, 0xfe, 0x40, 0x0,
    0xc, 0xc7, 0x20, 0x2, 0x70, 0x0, 0x0, 0x0,
    0x0, 0xc, 0x50, 0x4, 0xf0, 0x0, 0x5f, 0x0,
    0x0, 0xe, 0x50, 0x4, 0xf0, 0x0, 0x5e, 0x0,
    0x0, 0xe, 0x50, 0x4, 0xf0, 0x0, 0x5e, 0x0,
    0x0, 0xe, 0xff, 0xff, 0xff, 0xff, 0xfe, 0x0,
    0x0, 0x0, 0x0, 0x0, 0x0, 0x0, 0x5f, 0x0,

    /* U+5DF2 "已" */
    0x0, 0x0, 0x0, 0x0, 0x0, 0x0, 0x0, 0x7f,
    0xff, 0xff, 0xff, 0xff, 0xff, 0x0, 0x13, 0x22,
    0x22, 0x22, 0x22, 0x6f, 0x0, 0x0, 0x0, 0x0,
    0x0, 0x0, 0x4f, 0x0, 0xa, 0x60, 0x0, 0x0,
    0x0, 0x4f, 0x0, 0xe, 0x80, 0x0, 0x0, 0x0,
    0x4f, 0x0, 0xd, 0xff, 0xff, 0xff, 0xff, 0xff,
    0x0, 0xd, 0x81, 0x11, 0x11, 0x11, 0x5f, 0x10,
    0xd, 0x70, 0x0, 0x0, 0x0, 0x1, 0x0, 0xd,
    0x70, 0x0, 0x0, 0x0, 0x0, 0x0, 0xd, 0x70,
    0x0, 0x0, 0x0, 0x0, 0x62, 0xd, 0x70, 0x0,
    0x0, 0x0, 0x0, 0xeb, 0xc, 0xd4, 0x44, 0x44,
    0x44, 0x48, 0xf6, 0x4, 0xde, 0xff, 0xff, 0xff,
    0xfe, 0xa0,

    /* U+5E94 "应" */
    0x0, 0x0, 0x0, 0x0, 0x0, 0x0, 0x0, 0x0,
    0x0, 0x0, 0x0, 0x3f, 0x20, 0x0, 0x0, 0x0,
    0x0, 0x0, 0x0, 0xf8, 0x0, 0x0, 0x0, 0x6,
    0xff, 0xff, 0xff, 0xff, 0xff, 0xfb, 0x0, 0x6c,
    0x0, 0x0, 0x0, 0x0, 0x0, 0x0, 0x6, 0xc0,
    0x0, 0x13, 0x0, 0x1, 0x0, 0x0, 0x6b, 0x0,
    0x7, 0xd0, 0x0, 0x8e, 0x0, 0x6, 0xb5, 0xa0,
    0xe, 0x60, 0xc, 0xa0, 0x0, 0x7a, 0x2f, 0x30,
    0x7d, 0x1, 0xf3, 0x0, 0x8, 0x90, 0x9c, 0x1,
    0xf5, 0x6d, 0x0, 0x0, 0xb7, 0x1, 0xf4, 0x4,
    0xc, 0x70, 0x0, 0xd, 0x50, 0x9, 0x80, 0x3,
    0xf1, 0x0, 0x2, 0xf2, 0x0, 0x0, 0x0, 0x9a,
    0x0, 0x0, 0x7e, 0x16, 0x55, 0x55, 0x5f, 0x95,
    0x55, 0xe, 0x84, 0xed, 0xdd, 0xdd, 0xdd, 0xdd,
    0xc0, 0x61, 0x0, 0x0, 0x0, 0x0, 0x0, 0x0,

    /* U+5EA6 "度" */
    0x0, 0x0, 0x0, 0x4, 0xb0, 0x0, 0x0, 0x0,
    0x0, 0x11, 0x11, 0x14, 0xf5, 0x11, 0x12, 0x0,
    0x0, 0xcf, 0xee, 0xee, 0xee, 0xee, 0xee, 0x30,
    0x0, 0xc6, 0x0, 0x84, 0x0, 0x3a, 0x0, 0x0,
    0x0, 0xc6, 0x10, 0xd6, 0x0, 0x4f, 0x1, 0x0,
    0x0, 0xc6, 0xee, 0xfe, 0xee, 0xef, 0xee, 0x40,
    0x0, 0xc6, 0x0, 0xd6, 0x0, 0x4f, 0x0, 0x0,
    0x0, 0xd5, 0x0, 0xdd, 0xbb, 0xcf, 0x0, 0x0,
    0x0, 0xe4, 0x1, 0x44, 0x44, 0x44, 0x0, 0x0,
    0x0, 0xf2, 0x9e, 0xfe, 0xee, 0xef, 0x90, 0x0,
    0x2, 0xf0, 0x0, 0x9a, 0x0, 0x6e, 0x0, 0x0,
    0x6, 0xd0, 0x0, 0xd, 0x85, 0xe3, 0x0, 0x0,
    0xb, 0x80, 0x0, 0x4, 0xff, 0x70, 0x0, 0x0,
    0x2f, 0x24, 0x69, 0xdd, 0x88, 0xdf, 0xcb, 0x90,
    0x3, 0x4, 0xa6, 0x30, 0x0, 0x2, 0x58, 0x70,

    /* U+5F00 "开" */
    0x0, 0x0, 0x0, 0x0, 0x0, 0x0, 0x0, 0x0,
    0x0, 0xef, 0xff, 0xff, 0xff, 0xff, 0xff, 0x60,
    0x0, 0x22, 0x27, 0xe2, 0x22, 0xf7, 0x22, 0x10,
    0x0, 0x0, 0x6, 0xe0, 0x0, 0xf5, 0x0, 0x0,
    0x0, 0x0, 0x6, 0xe0, 0x0, 0xf5, 0x0, 0x0,
    0x0, 0x0, 0x6, 0xe0, 0x0, 0xf5, 0x0, 0x0,
    0x5, 0x44, 0x48, 0xf4, 0x44, 0xf8, 0x44, 0x51,
    0xe, 0xdd, 0xce, 0xfc, 0xcc, 0xfd, 0xcd, 0xd3,
    0x0, 0x0, 0x9, 0xb0, 0x0, 0xf5, 0x0, 0x0,
    0x0, 0x0, 0xe, 0x70, 0x0, 0xf5, 0x0, 0x0,
    0x0, 0x0, 0x7f, 0x20, 0x0, 0xf5, 0x0, 0x0,
    0x0, 0x4, 0xf8, 0x0, 0x0, 0xf5, 0x0, 0x0,
    0x1, 0x8f, 0xa0, 0x0, 0x0, 0xf6, 0x0, 0x0,
    0x2, 0xb8, 0x0, 0x0, 0x0, 0xf6, 0x0, 0x0,

    /* U+5F3A "强" */
    0x0, 0x0, 0x0, 0x0, 0x0, 0x0, 0x0, 0xef,
    0xff, 0x64, 0xff, 0xff, 0xff, 0x50, 0x0, 0xb,
    0x54, 0xf0, 0x0, 0xd, 0x50, 0x0, 0xb, 0x54,
    0xf9, 0x99, 0x9e, 0x50, 0xbf, 0xff, 0x61, 0x44,
    0x6f, 0x44, 0x10, 0xc7, 0x0, 0x0, 0x0, 0x3e,
    0x0, 0x0, 0xd6, 0x0, 0xd, 0xff, 0xff, 0xff,
    0xe0, 0xda, 0x77, 0x1d, 0x50, 0x3e, 0x5, 0xe0,
    0x67, 0x7f, 0x1d, 0x50, 0x3e, 0x5, 0xe0, 0x0,
    0x1f, 0xd, 0xff, 0xff, 0xff, 0xe0, 0x0, 0x2f,
    0xa, 0x30, 0x3e, 0x0, 0x0, 0x0, 0x3e, 0x0,
    0x0, 0x3e, 0x8, 0xa0, 0x0, 0x5d, 0x0, 0x13,
    0x7f, 0x9d, 0xf3, 0x6c, 0xf8, 0x4f, 0xfe, 0xa7,
    0x40, 0x9c, 0x28, 0x40, 0x6, 0x20, 0x0, 0x0,
    0x11,

    /* U+5F55 "录" */
    0x0, 0x1, 0x0, 0x0, 0x0, 0x0, 0x0, 0x0,
    0x0, 0x5f, 0xff, 0xff, 0xff, 0xff, 0xf1, 0x0,
    0x0, 0x0, 0x0, 0x0, 0x0, 0x4, 0xf0, 0x0,
    0x0, 0xc, 0xff, 0xff, 0xff, 0xff, 0xe0, 0x0,
    0x0, 0x1, 0x11, 0x11, 0x11, 0x17, 0xd0, 0x0,
    0x2, 0x21, 0x11, 0x11, 0x11, 0x18, 0xc2, 0x20,
    0xe, 0xee, 0xee, 0xee, 0xfe, 0xee, 0xee, 0xe4,
    0x0, 0x3, 0x0, 0x6, 0xe0, 0x0, 0x20, 0x0,
    0x0, 0x3f, 0x70, 0x6, 0xf2, 0x5, 0xf7, 0x0,
    0x0, 0x3, 0xe5, 0x17, 0xfd, 0x9e, 0x60, 0x0,
    0x0, 0x0, 0x27, 0xe9, 0xe9, 0xf3, 0x0, 0x0,
    0x0, 0x18, 0xeb, 0x36, 0xe0, 0xae, 0x40, 0x0,
    0xa, 0xfc, 0x40, 0x6, 0xe0, 0x7, 0xfd, 0x81,
    0x4, 0x50, 0x0, 0x8d, 0xd0, 0x0, 0x2a, 0xc0,
    0x0, 0x0, 0x0, 0x89, 0x30, 0x0, 0x0, 0x0,

    /* U+5F85 "待" */
    0x0, 0x0, 0xc3, 0x0, 0xc, 0x70, 0x0, 0x0,
    0x0, 0xa, 0xb0, 0x0, 0xc, 0x60, 0x0, 0x0,
    0x0, 0x9d, 0x10, 0xce, 0xef, 0xfe, 0xfb, 0x0,
    0xa, 0xe1, 0x42, 0x12, 0x1c, 0x71, 0x11, 0x0,
    0x6, 0x20, 0xe8, 0x0, 0xc, 0x60, 0x0, 0x0,
    0x0, 0xa, 0xd7, 0xed, 0xdf, 0xed, 0xdd, 0xd5,
    0x0, 0x5f, 0x51, 0x33, 0x22, 0x26, 0xe2, 0x31,
    0x3, 0xff, 0x50, 0x0, 0x0, 0x4, 0xe0, 0x0,
    0x2f, 0x7e, 0x59, 0xff, 0xff, 0xff, 0xff, 0xf2,
    0x5, 0xe, 0x51, 0x25, 0x11, 0x15, 0xe1, 0x20,
    0x0, 0xe, 0x50, 0x2f, 0x60, 0x4, 0xe0, 0x0,
    0x0, 0xe, 0x50, 0xa, 0xf1, 0x4, 0xe0, 0x0,
    0x0, 0xe, 0x50, 0x1, 0x70, 0x5, 0xe0, 0x0,
    0x0, 0xe, 0x50, 0x0, 0x2, 0xcf, 0xc0, 0x0,
    0x0, 0xe, 0x50, 0x0, 0x0, 0xb8, 0x10, 0x0,

    /* U+5FC3 "心" */
    0x0, 0x0, 0x0, 0x0, 0x0, 0x0, 0x0, 0x0,
    0x0, 0x0, 0x0, 0x6d, 0x0, 0x0, 0x0, 0x0,
    0x0, 0x0, 0x0, 0x1f, 0x80, 0x0, 0x0, 0x0,
    0x0, 0x0, 0x0, 0x7, 0xf3, 0x0, 0x0, 0x0,
    0x0, 0x0, 0x0, 0x0, 0xb3, 0x0, 0x0, 0x0,
    0x0, 0x0, 0x9, 0x50, 0x0, 0x0, 0x10, 0x0,
    0x2, 0xf5, 0xe, 0x80, 0x0, 0x5, 0xf2, 0x0,
    0x5, 0xf2, 0xd, 0x80, 0x0, 0x0, 0xdc, 0x0,
    0x8, 0xf0, 0xd, 0x80, 0x0, 0x0, 0x3f, 0x70,
    0xb, 0xb0, 0xd, 0x80, 0x0, 0x0, 0xa, 0xf1,
    0xf, 0x80, 0xd, 0x80, 0x0, 0x0, 0x1, 0x30,
    0x3e, 0x40, 0xd, 0x80, 0x0, 0x2, 0x0, 0x0,
    0x0, 0x0, 0xd, 0x80, 0x0, 0xa, 0xb0, 0x0,
    0x0, 0x0, 0xd, 0xc4, 0x44, 0x4e, 0x80, 0x0,
    0x0, 0x0, 0x8, 0xff, 0xff, 0xfe, 0x20, 0x0,
    0x0, 0x0, 0x0, 0x0, 0x0, 0x0, 0x0, 0x0,

    /* U+606F "息" */
    0x0, 0x0, 0x0, 0xb6, 0x0, 0x0, 0x0, 0x0,
    0x0, 0x1, 0x12, 0xf3, 0x11, 0x11, 0x10, 0x0,
    0x0, 0x1f, 0xcc, 0xcc, 0xcc, 0xcc, 0xf3, 0x0,
    0x0, 0x1f, 0x31, 0x11, 0x11, 0x11, 0xf3, 0x0,
    0x0, 0x1f, 0xcc, 0xcc, 0xcc, 0xcc, 0xf3, 0x0,
    0x0, 0x1f, 0x31, 0x11, 0x11, 0x11, 0xf3, 0x0,
    0x0, 0x1f, 0xcc, 0xcc, 0xcc, 0xcc, 0xf3, 0x0,
    0x0, 0x1f, 0x31, 0x11, 0x11, 0x11, 0xf3, 0x0,
    0x0, 0x1c, 0xcc, 0xcc, 0xcc, 0xcc, 0xc2, 0x0,
    0x0, 0x0, 0x36, 0x3, 0x60, 0x0, 0x22, 0x0,
    0x2, 0xe0, 0x6d, 0x4, 0xf2, 0x0, 0xad, 0x10,
    0x7, 0xc0, 0x6d, 0x0, 0x71, 0x2, 0xc, 0xc0,
    0xe, 0x60, 0x6d, 0x0, 0x0, 0x4f, 0x12, 0xb1,
    0x5, 0x0, 0x3e, 0xff, 0xff, 0xf9, 0x0, 0x0,

    /* U+6210 "成" */
    0x0, 0x0, 0x0, 0x0, 0x0, 0x0, 0x0, 0x0,
    0x0, 0x0, 0x0, 0x0, 0x5f, 0xa, 0x80, 0x0,
    0x0, 0x0, 0x0, 0x0, 0x5f, 0x3, 0xe9, 0x0,
    0x0, 0x0, 0x0, 0x0, 0x4f, 0x0, 0x47, 0x0,
    0x0, 0xcf, 0xff, 0xff, 0xff, 0xff, 0xff, 0xa0,
    0x0, 0xc8, 0x11, 0x11, 0x2f, 0x21, 0x11, 0x10,
    0x0, 0xb7, 0x0, 0x0, 0xf, 0x20, 0x79, 0x0,
    0x0, 0xbf, 0xff, 0xf7, 0xd, 0x40, 0xda, 0x0,
    0x0, 0xc8, 0x22, 0xd6, 0xb, 0x84, 0xf2, 0x0,
    0x0, 0xc6, 0x0, 0xd5, 0x8, 0xbd, 0x90, 0x0,
    0x0, 0xe5, 0x0, 0xe3, 0x3, 0xfe, 0x10, 0x0,
    0x1, 0xf3, 0x0, 0xf2, 0x4, 0xf9, 0x0, 0x30,
    0x5, 0xf0, 0x9d, 0xf0, 0x4f, 0xaf, 0x21, 0xf3,
    0xc, 0xa0, 0x68, 0x48, 0xf6, 0xa, 0xe8, 0xf1,
    0x3f, 0x20, 0x0, 0xcd, 0x30, 0x1, 0xcf, 0xc0,
    0x0, 0x0, 0x0, 0x20, 0x0, 0x0, 0x3, 0x10,

    /* U+6211 "我" */
    0x0, 0x0, 0x0, 0x0, 0x0, 0x0, 0x0, 0x0,
    0x0, 0x0, 0x0, 0x40, 0x5f, 0x0, 0x0, 0x0,
    0x0, 0x3, 0x7c, 0xf9, 0x4f, 0xd, 0x60, 0x0,
    0xa, 0xff, 0xfa, 0x40, 0x4e, 0x6, 0xf5, 0x0,
    0x3, 0x20, 0xd5, 0x0, 0x4e, 0x0, 0x79, 0x0,
    0x2, 0x11, 0xd6, 0x11, 0x5e, 0x11, 0x11, 0x20,
    0x3e, 0xee, 0xfe, 0xee, 0xef, 0xee, 0xee, 0xd0,
    0x0, 0x0, 0xd5, 0x0, 0x2f, 0x0, 0x2, 0x0,
    0x0, 0x0, 0xd5, 0x2, 0xf, 0x20, 0x6f, 0x10,
    0x0, 0x14, 0xed, 0xeb, 0xe, 0x40, 0xd7, 0x0,
    0x2e, 0xfe, 0xf9, 0x20, 0xb, 0x89, 0xc0, 0x0,
    0x7, 0x30, 0xd5, 0x0, 0x5, 0xfe, 0x20, 0x0,
    0x0, 0x0, 0xd5, 0x0, 0x1b, 0xf9, 0x0, 0x40,
    0x0, 0x0, 0xe5, 0x17, 0xec, 0x6f, 0x61, 0xf3,
    0x0, 0x8d, 0xf2, 0x9e, 0x60, 0x5, 0xfe, 0xd0,
    0x0, 0x47, 0x20, 0x1, 0x0, 0x0, 0x27, 0x30,

    /* U+6237 "户" */
    0x0, 0x0, 0x0, 0x0, 0x0, 0x0, 0x0, 0x0,
    0x0, 0x0, 0x0, 0x7d, 0x0, 0x0, 0x0, 0x0,
    0x0, 0x0, 0x2, 0xf4, 0x0, 0x0, 0x0, 0x0,
    0x12, 0x22, 0x28, 0x42, 0x22, 0x20, 0x0, 0xe,
    0xff, 0xff, 0xff, 0xff, 0xff, 0x60, 0x0, 0xe5,
    0x0, 0x0, 0x0, 0x0, 0xf6, 0x0, 0xe, 0x50,
    0x0, 0x0, 0x0, 0xf, 0x60, 0x0, 0xe5, 0x0,
    0x0, 0x0, 0x0, 0xf6, 0x0, 0xe, 0xff, 0xff,
    0xff, 0xff, 0xff, 0x60, 0x0, 0xf6, 0x22, 0x22,
    0x22, 0x22, 0xf6, 0x0, 0x1f, 0x20, 0x0, 0x0,
    0x0, 0x3, 0x10, 0x5, 0xf0, 0x0, 0x0, 0x0,
    0x0, 0x0, 0x0, 0xca, 0x0, 0x0, 0x0, 0x0,
    0x0, 0x0, 0x5f, 0x30, 0x0, 0x0, 0x0, 0x0,
    0x0, 0x1f, 0xa0, 0x0, 0x0, 0x0, 0x0, 0x0,
    0x0, 0x41, 0x0, 0x0, 0x0, 0x0, 0x0, 0x0,

    /* U+62DF "拟" */
    0x0, 0xf, 0x40, 0x0, 0x17, 0x0, 0x46, 0x0,
    0x0, 0xf, 0x40, 0x0, 0x2f, 0x40, 0x7c, 0x0,
    0x0, 0xf, 0x30, 0x3f, 0xa, 0xc0, 0x7c, 0x0,
    0x1f, 0xef, 0xeb, 0x3f, 0x3, 0xf4, 0x7c, 0x0,
    0x2, 0x2f, 0x42, 0x3e, 0x0, 0x72, 0x7c, 0x0,
    0x0, 0xf, 0x30, 0x3e, 0x0, 0x0, 0x7c, 0x0,
    0x0, 0xf, 0x79, 0x3e, 0x0, 0x0, 0x7b, 0x0,
    0x3, 0x9f, 0xc4, 0x3e, 0x0, 0x20, 0x8a, 0x0,
    0x2f, 0x9f, 0x30, 0x3e, 0x9, 0xb0, 0xb8, 0x0,
    0x1, 0xf, 0x30, 0x3e, 0x8e, 0x20, 0xe5, 0x0,
    0x0, 0xf, 0x30, 0x4f, 0xe2, 0x7, 0xfc, 0x0,
    0x0, 0xf, 0x30, 0x6e, 0x20, 0x5f, 0x6d, 0x80,
    0x0, 0x3f, 0x20, 0x1, 0x9, 0xf6, 0x4, 0xf3,
    0x4, 0xfc, 0x0, 0x3, 0xee, 0x40, 0x0, 0xa3,
    0x0, 0x10, 0x0, 0x0, 0x60, 0x0, 0x0, 0x0,

    /* U+62E9 "择" */
    0x0, 0x3f, 0x10, 0x0, 0x0, 0x0, 0x0, 0x0,
    0x0, 0x3f, 0x10, 0x5f, 0xff, 0xff, 0xfd, 0x0,
    0x1, 0x4f, 0x21, 0x4, 0xd0, 0x1, 0xe3, 0x0,
    0x2f, 0xff, 0xfe, 0x0, 0xab, 0x4d, 0x60, 0x0,
    0x0, 0x3f, 0x10, 0x0, 0x1e, 0xf9, 0x0, 0x0,
    0x0, 0x3f, 0x11, 0x69, 0xea, 0x6e, 0xea, 0x81,
    0x0, 0x3f, 0xb5, 0xa8, 0x25, 0x80, 0x59, 0xa0,
    0x29, 0xef, 0x81, 0x11, 0x18, 0xd1, 0x11, 0x0,
    0x2d, 0x8f, 0x10, 0x8f, 0xff, 0xff, 0xfc, 0x0,
    0x0, 0x3f, 0x10, 0x0, 0x7, 0xd0, 0x0, 0x0,
    0x0, 0x3f, 0x12, 0x21, 0x17, 0xd1, 0x22, 0x20,
    0x0, 0x3f, 0x1c, 0xee, 0xef, 0xfe, 0xee, 0xf0,
    0x3, 0x7f, 0x0, 0x0, 0x7, 0xd0, 0x0, 0x0,
    0x9, 0xfc, 0x0, 0x0, 0x7, 0xd0, 0x0, 0x0,
    0x3, 0x50, 0x0, 0x0, 0x8, 0xd0, 0x0, 0x0,

    /* U+6309 "按" */
    0x0, 0x0, 0x0, 0x0, 0x1, 0x10, 0x0, 0x0,
    0x0, 0xf, 0x20, 0x0, 0xb, 0xa0, 0x0, 0x0,
    0x0, 0xf, 0x20, 0x0, 0x2, 0xe1, 0x0, 0x0,
    0x0, 0xf, 0x20, 0x8c, 0xcc, 0xcc, 0xcc, 0x70,
    0x3d, 0xcf, 0xd5, 0xa9, 0x33, 0x33, 0x3a, 0x90,
    0x2, 0x2f, 0x41, 0xa8, 0xa, 0x90, 0x8, 0x90,
    0x0, 0xf, 0x20, 0x33, 0xf, 0x50, 0x2, 0x30,
    0x0, 0xf, 0x22, 0x22, 0x6e, 0x22, 0x22, 0x20,
    0x0, 0x1f, 0xd8, 0xcd, 0xfe, 0xdd, 0xfe, 0xd1,
    0x2a, 0xff, 0x40, 0x4, 0xe1, 0x1, 0xf2, 0x0,
    0x9, 0x2f, 0x20, 0xd, 0x70, 0x8, 0xb0, 0x0,
    0x0, 0xf, 0x20, 0x1b, 0xe7, 0x3f, 0x30, 0x0,
    0x0, 0xf, 0x20, 0x0, 0x2c, 0xfd, 0x0, 0x0,
    0x0, 0xf, 0x10, 0x2, 0x8f, 0x8c, 0xe6, 0x0,
    0x6, 0xef, 0x7, 0xdf, 0xa2, 0x0, 0x7f, 0xa0,
    0x1, 0x61, 0x2, 0x51, 0x0, 0x0, 0x2, 0x20,

    /* U+63A5 "接" */
    0x0, 0x0, 0x0, 0x0, 0x0, 0x40, 0x0, 0x0,
    0x0, 0x1f, 0x10, 0x0, 0x3, 0xf2, 0x0, 0x0,
    0x0, 0x1f, 0x10, 0x58, 0x88, 0xfb, 0x88, 0x90,
    0x0, 0x1f, 0x10, 0x58, 0x88, 0x88, 0x98, 0x90,
    0x3f, 0xef, 0xe9, 0x1, 0xa0, 0x0, 0xf4, 0x0,
    0x3, 0x3f, 0x32, 0x0, 0xe7, 0x4, 0xf0, 0x0,
    0x0, 0x1f, 0x10, 0x22, 0x86, 0x2a, 0xb2, 0x30,
    0x0, 0x1f, 0x12, 0x9d, 0xdd, 0xdd, 0xdd, 0xd0,
    0x1, 0x5f, 0xe5, 0x0, 0xd, 0x50, 0x0, 0x0,
    0x3f, 0xcf, 0x11, 0xff, 0xff, 0xff, 0xff, 0xf8,
    0x4, 0x1f, 0x10, 0x11, 0xe6, 0x3, 0xf1, 0x0,
    0x0, 0x1f, 0x10, 0x6, 0xf7, 0x1a, 0x80, 0x0,
    0x0, 0x1f, 0x10, 0x0, 0x4b, 0xff, 0x30, 0x0,
    0x1, 0x3f, 0x0, 0x1, 0x5c, 0xda, 0xfa, 0x20,
    0x9, 0xfc, 0x2, 0xdf, 0xd6, 0x0, 0x3c, 0xe1,
    0x2, 0x30, 0x0, 0x42, 0x0, 0x0, 0x0, 0x20,

    /* U+63D0 "提" */
    0x0, 0x3f, 0x0, 0x0, 0x0, 0x0, 0x0, 0x0,
    0x0, 0x3f, 0x0, 0x1f, 0xff, 0xff, 0xff, 0x0,
    0x0, 0x3f, 0x0, 0x1f, 0x43, 0x33, 0x5f, 0x0,
    0x5, 0x7f, 0x55, 0x1f, 0xee, 0xee, 0xef, 0x0,
    0x19, 0xaf, 0x88, 0x1f, 0x10, 0x0, 0x3f, 0x0,
    0x0, 0x3f, 0x0, 0x1f, 0xff, 0xff, 0xfe, 0x0,
    0x0, 0x3f, 0x13, 0x0, 0x0, 0x0, 0x0, 0x0,
    0x0, 0x5f, 0xe7, 0xff, 0xff, 0xff, 0xff, 0xf3,
    0x3c, 0xff, 0x20, 0x11, 0x3, 0xf0, 0x0, 0x10,
    0x18, 0x3f, 0x0, 0x2f, 0x23, 0xf1, 0x12, 0x0,
    0x0, 0x3f, 0x0, 0x5f, 0x3, 0xfe, 0xef, 0x0,
    0x0, 0x3f, 0x0, 0xaf, 0x33, 0xf0, 0x0, 0x0,
    0x1, 0x5f, 0x4, 0xf9, 0xfc, 0xf3, 0x33, 0x41,
    0x8, 0xfb, 0x3f, 0x80, 0x29, 0xdf, 0xff, 0xf0,
    0x1, 0x20, 0x4, 0x0, 0x0, 0x0, 0x0, 0x0,

    /* U+64AD "播" */
    0x0, 0x1f, 0x10, 0x0, 0x2, 0x35, 0x8a, 0x0,
    0x0, 0x1f, 0x0, 0xdf, 0xff, 0xfc, 0xb9, 0x30,
    0x0, 0x1f, 0x0, 0x1b, 0x14, 0xe0, 0x7b, 0x0,
    0x3b, 0xbf, 0xb3, 0x9, 0x74, 0xe0, 0xd4, 0x0,
    0x14, 0x4f, 0x37, 0xee, 0xee, 0xfe, 0xfe, 0xe5,
    0x0, 0x1f, 0x0, 0x11, 0xdb, 0xf9, 0xb0, 0x10,
    0x0, 0x1f, 0x73, 0x1c, 0xb3, 0xf1, 0xea, 0x0,
    0x2, 0x9f, 0xd7, 0xdc, 0x3, 0xc0, 0x3f, 0xe4,
    0x4f, 0xaf, 0x1e, 0xdf, 0xff, 0xff, 0xfe, 0xa1,
    0x2, 0x1f, 0x1, 0x4d, 0x3, 0xd0, 0x3e, 0x0,
    0x0, 0x1f, 0x0, 0x4f, 0xee, 0xfe, 0xee, 0x0,
    0x0, 0x1f, 0x0, 0x4d, 0x14, 0xd1, 0x4e, 0x0,
    0x0, 0x1f, 0x0, 0x4d, 0x25, 0xe2, 0x5e, 0x0,
    0x6, 0xbf, 0x0, 0x4f, 0xcc, 0xcc, 0xde, 0x0,
    0x6, 0xd6, 0x0, 0x5d, 0x0, 0x0, 0x3f, 0x0,

    /* U+653E "放" */
    0x0, 0x2, 0x0, 0x0, 0x0, 0x10, 0x0, 0x0,
    0x0, 0xe, 0x60, 0x0, 0x5, 0xf3, 0x0, 0x0,
    0x0, 0x7, 0xe0, 0x0, 0x8, 0xc0, 0x0, 0x0,
    0x0, 0x1, 0x60, 0x0, 0xd, 0x60, 0x0, 0x0,
    0x3f, 0xff, 0xff, 0xfd, 0x3f, 0xff, 0xff, 0xf2,
    0x1, 0x2f, 0x10, 0x11, 0x9a, 0x11, 0x9a, 0x20,
    0x0, 0x1f, 0x10, 0x2, 0xfe, 0x0, 0xa8, 0x0,
    0x0, 0x2f, 0xdd, 0xd8, 0xae, 0x40, 0xc6, 0x0,
    0x0, 0x2f, 0x22, 0xc5, 0xa, 0x80, 0xf4, 0x0,
    0x0, 0x4d, 0x0, 0xc4, 0x5, 0xd3, 0xf0, 0x0,
    0x0, 0x7b, 0x0, 0xd3, 0x0, 0xfc, 0xc0, 0x0,
    0x0, 0xc7, 0x0, 0xe3, 0x0, 0x9f, 0x50, 0x0,
    0x2, 0xf2, 0x0, 0xf1, 0x1, 0xdf, 0x90, 0x0,
    0xc, 0xb0, 0x5a, 0xf0, 0x6e, 0xa2, 0xeb, 0x30,
    0x3e, 0x20, 0x7c, 0x59, 0xf6, 0x0, 0x2c, 0xf2,
    0x0, 0x0, 0x0, 0x1, 0x10, 0x0, 0x0, 0x20,

    /* U+65AD "断" */
    0x0, 0x0, 0xe4, 0x0, 0x0, 0x0, 0x22, 0xc,
    0x6f, 0x1d, 0x48, 0x89, 0xcd, 0xfe, 0xa0, 0xe5,
    0xe4, 0xd4, 0xe3, 0xb7, 0x10, 0x0, 0xd, 0x58,
    0x4d, 0x7a, 0xb, 0x50, 0x0, 0x0, 0xd5, 0x54,
    0xe7, 0x52, 0xb5, 0x0, 0x0, 0xd, 0x6b, 0xcf,
    0xcb, 0x4b, 0xed, 0xdd, 0xd3, 0xd5, 0xb, 0xf6,
    0x30, 0xb7, 0x26, 0xd3, 0xd, 0x51, 0xfe, 0x9d,
    0xb, 0x50, 0x4c, 0x0, 0xd5, 0xa9, 0xd4, 0xc6,
    0xc4, 0x4, 0xc0, 0xd, 0x9f, 0x2e, 0x45, 0x6e,
    0x20, 0x4c, 0x0, 0xd5, 0x40, 0xe4, 0x1, 0xf0,
    0x4, 0xc0, 0xd, 0x50, 0x6, 0x31, 0x6d, 0x0,
    0x4c, 0x0, 0xdf, 0xff, 0xff, 0xfe, 0x60, 0x4,
    0xd0, 0x0, 0x0, 0x0, 0x4, 0xd0, 0x0, 0x5e,
    0x0, 0x0, 0x0, 0x0, 0x0, 0x0, 0x0, 0x0,
    0x0,

    /* U+65E0 "无" */
    0x0, 0x0, 0x0, 0x0, 0x0, 0x0, 0x0, 0x0,
    0x0, 0x5f, 0xff, 0xff, 0xff, 0xff, 0xf4, 0x0,
    0x0, 0x2, 0x21, 0x6e, 0x11, 0x11, 0x20, 0x0,
    0x0, 0x0, 0x0, 0x5e, 0x0, 0x0, 0x0, 0x0,
    0x0, 0x0, 0x0, 0x5e, 0x0, 0x0, 0x0, 0x0,
    0x0, 0x0, 0x0, 0x5d, 0x0, 0x0, 0x0, 0x0,
    0x8, 0xff, 0xff, 0xff, 0xff, 0xff, 0xff, 0xb0,
    0x0, 0x11, 0x11, 0xa9, 0x4e, 0x11, 0x11, 0x10,
    0x0, 0x0, 0x0, 0xe5, 0x4e, 0x0, 0x0, 0x0,
    0x0, 0x0, 0x4, 0xf0, 0x4e, 0x0, 0x0, 0x0,
    0x0, 0x0, 0x1d, 0x80, 0x4e, 0x0, 0x0, 0x0,
    0x0, 0x1, 0xcd, 0x0, 0x4e, 0x0, 0x5, 0xb0,
    0x0, 0x3d, 0xe2, 0x0, 0x3f, 0x42, 0x2a, 0xd0,
    0x9, 0xfc, 0x10, 0x0, 0xb, 0xff, 0xfe, 0x50,
    0x2, 0x60, 0x0, 0x0, 0x0, 0x0, 0x0, 0x0,

    /* U+65F6 "时" */
    0x0, 0x0, 0x0, 0x0, 0x0, 0xf, 0x60, 0x3,
    0x33, 0x33, 0x0, 0x0, 0x0, 0xf5, 0x0, 0xee,
    0xdd, 0xf3, 0x0, 0x0, 0xf, 0x50, 0xe, 0x60,
    0x1f, 0x36, 0x55, 0x55, 0xf9, 0x62, 0xe6, 0x1,
    0xf4, 0xcc, 0xbb, 0xbf, 0xdc, 0x4d, 0x83, 0x4f,
    0x20, 0x0, 0x0, 0xe5, 0x0, 0xde, 0xdd, 0xf2,
    0x6, 0x0, 0xe, 0x50, 0xd, 0x60, 0x1f, 0x22,
    0xf6, 0x0, 0xe5, 0x0, 0xd6, 0x1, 0xf2, 0x8,
    0xe0, 0xe, 0x50, 0xe, 0x71, 0x3f, 0x20, 0x18,
    0x10, 0xe5, 0x0, 0xef, 0xff, 0xf2, 0x0, 0x0,
    0xe, 0x50, 0xe, 0x60, 0x1f, 0x20, 0x0, 0x0,
    0xe5, 0x0, 0xe6, 0x0, 0x30, 0x0, 0x0, 0xf,
    0x50, 0x1, 0x0, 0x0, 0x0, 0x0, 0x8c, 0xf3,
    0x0, 0x0, 0x0, 0x0, 0x0, 0x4, 0x84, 0x0,
    0x0,

    /* U+6628 "昨" */
    0x0, 0x0, 0x0, 0x0, 0x0, 0x0, 0x0, 0x0,
    0x0, 0x0, 0x6, 0xe0, 0x0, 0x0, 0xbc, 0xcc,
    0xc0, 0xb, 0x80, 0x0, 0x0, 0xe6, 0x36, 0xf0,
    0x2f, 0xcb, 0xbb, 0xb4, 0xd4, 0x3, 0xe0, 0x99,
    0xf5, 0x33, 0x31, 0xd4, 0x3, 0xe3, 0xf1, 0xf2,
    0x0, 0x0, 0xd9, 0x79, 0xea, 0x80, 0xf2, 0x0,
    0x0, 0xda, 0x9a, 0xe0, 0x0, 0xff, 0xff, 0xf1,
    0xd4, 0x3, 0xe0, 0x0, 0xf2, 0x0, 0x0, 0xd4,
    0x3, 0xe0, 0x0, 0xf2, 0x0, 0x0, 0xd4, 0x14,
    0xe0, 0x0, 0xf2, 0x0, 0x0, 0xef, 0xff, 0xf0,
    0x0, 0xff, 0xff, 0xf7, 0xe4, 0x2, 0xc0, 0x0,
    0xf2, 0x0, 0x0, 0xa2, 0x0, 0x0, 0x0, 0xf2,
    0x0, 0x0, 0x0, 0x0, 0x0, 0x0, 0xf2, 0x0,
    0x0,

    /* U+662F "是" */
    0x0, 0x6f, 0xff, 0xff, 0xff, 0xff, 0x0, 0x0,
    0x5, 0xe1, 0x11, 0x11, 0x16, 0xe0, 0x0, 0x0,
    0x5f, 0xff, 0xff, 0xff, 0xfe, 0x0, 0x0, 0x5,
    0xe0, 0x0, 0x0, 0x5, 0xf0, 0x0, 0x0, 0x6f,
    0xee, 0xee, 0xee, 0xef, 0x0, 0x0, 0x0, 0x11,
    0x11, 0x11, 0x11, 0x10, 0x0, 0x9e, 0xee, 0xee,
    0xee, 0xee, 0xee, 0xef, 0x41, 0x21, 0x31, 0x15,
    0xe1, 0x11, 0x11, 0x20, 0x0, 0xf, 0x60, 0x4e,
    0x11, 0x12, 0x10, 0x0, 0x5, 0xf2, 0x4, 0xfe,
    0xee, 0xeb, 0x0, 0x0, 0xdf, 0xd3, 0x4e, 0x0,
    0x0, 0x0, 0x0, 0x9f, 0x27, 0xfe, 0xf5, 0x44,
    0x44, 0x54, 0x7f, 0x50, 0x1, 0x6a, 0xde, 0xff,
    0xff, 0x40, 0x30, 0x0, 0x0, 0x0, 0x0, 0x0,
    0x0,

    /* U+6682 "暂" */
    0x0, 0xd, 0x20, 0x0, 0x0, 0x25, 0x70, 0x23,
    0x7e, 0x33, 0x42, 0xff, 0xfe, 0xd1, 0x7b, 0xfb,
    0xaa, 0xb2, 0xf3, 0x0, 0x0, 0x8, 0xa1, 0xc0,
    0x1, 0xf8, 0x77, 0x75, 0x2f, 0xed, 0xfd, 0xc2,
    0xf6, 0x9d, 0x64, 0x2, 0x2, 0xf1, 0x25, 0xf0,
    0x5c, 0x0, 0x8b, 0xcd, 0xfe, 0xaa, 0xa0, 0x5c,
    0x0, 0x44, 0x33, 0xf0, 0x2f, 0x30, 0x5d, 0x0,
    0x0, 0x22, 0x62, 0x23, 0x22, 0x34, 0x0, 0x0,
    0xfd, 0xcc, 0xcc, 0xcc, 0xdf, 0x0, 0x0, 0xf5,
    0x11, 0x11, 0x11, 0x5e, 0x0, 0x0, 0xfc, 0xbb,
    0xbb, 0xbb, 0xce, 0x0, 0x0, 0xf4, 0x0, 0x0,
    0x0, 0x4f, 0x0, 0x0, 0xfd, 0xcc, 0xcc, 0xcc,
    0xdf, 0x0,

    /* U+66F2 "曲" */
    0x0, 0x0, 0x0, 0x0, 0x0, 0x0, 0x0, 0x0,
    0x0, 0x6f, 0x0, 0xf6, 0x0, 0x0, 0x0, 0x0,
    0x5e, 0x0, 0xe6, 0x0, 0x0, 0x0, 0x0, 0x5e,
    0x0, 0xe6, 0x0, 0x0, 0x7f, 0xff, 0xff, 0xff,
    0xff, 0xff, 0xf7, 0x7e, 0x0, 0x5e, 0x0, 0xe6,
    0x0, 0xe7, 0x7e, 0x0, 0x5e, 0x0, 0xe6, 0x0,
    0xe7, 0x7e, 0x0, 0x5e, 0x0, 0xe6, 0x0, 0xe7,
    0x7f, 0xdd, 0xef, 0xdd, 0xfe, 0xdd, 0xf7, 0x7e,
    0x11, 0x6e, 0x11, 0xe7, 0x11, 0xe7, 0x7e, 0x0,
    0x5e, 0x0, 0xe6, 0x0, 0xe7, 0x7e, 0x0, 0x5e,
    0x0, 0xe6, 0x0, 0xe7, 0x7e, 0x0, 0x5e, 0x0,
    0xe6, 0x0, 0xe7, 0x7f, 0xff, 0xff, 0xff, 0xff,
    0xff, 0xf7, 0x8e, 0x0, 0x0, 0x0, 0x0, 0x0,
    0xe7,

    /* U+670D "服" */
    0x0, 0xef, 0xff, 0xc0, 0xef, 0xff, 0xfd, 0x0,
    0x0, 0xf4, 0x25, 0xd0, 0xe4, 0x11, 0x7c, 0x0,
    0x0, 0xf3, 0x4, 0xd0, 0xe4, 0x0, 0x9a, 0x0,
    0x0, 0xfe, 0xee, 0xd0, 0xe4, 0x2f, 0xf5, 0x0,
    0x0, 0xf5, 0x36, 0xd0, 0xe4, 0x13, 0x11, 0x0,
    0x0, 0xf2, 0x4, 0xd0, 0xef, 0xff, 0xff, 0x50,
    0x0, 0xf3, 0x15, 0xd0, 0xe7, 0xe1, 0x1f, 0x20,
    0x1, 0xff, 0xff, 0xd0, 0xe4, 0xe3, 0x4e, 0x0,
    0x3, 0xf0, 0x4, 0xd0, 0xe4, 0x98, 0x98, 0x0,
    0x6, 0xc0, 0x4, 0xd0, 0xe4, 0x2f, 0xf2, 0x0,
    0xb, 0x90, 0x4, 0xd0, 0xe4, 0xd, 0xf3, 0x0,
    0x2f, 0x30, 0x5a, 0xc0, 0xe5, 0xcb, 0x6f, 0x80,
    0x18, 0x0, 0x8b, 0x30, 0xe9, 0xa0, 0x3, 0x80,
    0x0, 0x0, 0x0, 0x0, 0x0, 0x0, 0x0, 0x0,

    /* U+671F "期" */
    0x0, 0xe6, 0x0, 0xf5, 0x0, 0x0, 0x0, 0x0,
    0xd, 0x50, 0xe, 0x50, 0xdf, 0xff, 0xf6, 0x2c,
    0xfd, 0xcc, 0xfd, 0x5d, 0x70, 0xe, 0x60, 0x2d,
    0x62, 0x2e, 0x71, 0xd7, 0x0, 0xe6, 0x0, 0xd7,
    0x33, 0xf5, 0xd, 0x83, 0x3e, 0x60, 0xd, 0xdb,
    0xbf, 0x50, 0xdd, 0xbb, 0xf6, 0x0, 0xd5, 0x0,
    0xe5, 0xd, 0x70, 0xe, 0x60, 0xd, 0xff, 0xff,
    0x50, 0xd7, 0x0, 0xe6, 0x0, 0xd5, 0x0, 0xe5,
    0xd, 0xdc, 0xcf, 0x68, 0xff, 0xff, 0xff, 0xf7,
    0xf4, 0x0, 0xe6, 0x0, 0x51, 0x2, 0x30, 0x3f,
    0x10, 0xe, 0x60, 0x3f, 0x40, 0x5f, 0x38, 0xd0,
    0x0, 0xe6, 0x2e, 0x60, 0x0, 0x99, 0xf6, 0x0,
    0xe, 0x53, 0x80, 0x0, 0x0, 0xad, 0x0, 0xe,
    0xf2, 0x0, 0x0, 0x0, 0x0, 0x20, 0x0, 0x41,
    0x0,

    /* U+675F "束" */
    0x0, 0x0, 0x0, 0x5f, 0x0, 0x0, 0x0, 0x0,
    0x0, 0x0, 0x5, 0xe0, 0x0, 0x0, 0x0, 0xbf,
    0xff, 0xff, 0xff, 0xff, 0xff, 0xff, 0x61, 0x21,
    0x11, 0x16, 0xe1, 0x11, 0x11, 0x21, 0x1, 0x44,
    0x44, 0x8f, 0x44, 0x44, 0x40, 0x0, 0x5f, 0xcc,
    0xcd, 0xfc, 0xcc, 0xdf, 0x0, 0x4, 0xe0, 0x0,
    0x5e, 0x0, 0x4, 0xe0, 0x0, 0x5f, 0xdd, 0xde,
    0xfd, 0xdd, 0xef, 0x0, 0x1, 0x33, 0x3c, 0xff,
    0xe8, 0x33, 0x30, 0x0, 0x0, 0x8, 0xe7, 0xf6,
    0xe2, 0x0, 0x0, 0x0, 0xa, 0xe3, 0x5f, 0xa,
    0xe2, 0x0, 0x0, 0x4e, 0xe2, 0x5, 0xf0, 0xa,
    0xf8, 0x10, 0x9f, 0xa0, 0x0, 0x5f, 0x0, 0x6,
    0xef, 0x41, 0x40, 0x0, 0x6, 0xf0, 0x0, 0x0,
    0x50,

    /* U+6A21 "模" */
    0x0, 0xf, 0x30, 0x0, 0x98, 0x9, 0x80, 0x0,
    0x0, 0xf, 0x30, 0xbb, 0xed, 0xbe, 0xdb, 0xa0,
    0x0, 0xf, 0x30, 0x22, 0x99, 0x2a, 0x92, 0x20,
    0x6, 0x6f, 0x86, 0x0, 0x33, 0x4, 0x30, 0x0,
    0xa, 0xaf, 0xba, 0x1f, 0xee, 0xee, 0xef, 0x30,
    0x0, 0x4f, 0x30, 0x1f, 0x0, 0x0, 0xd, 0x30,
    0x0, 0xaf, 0x92, 0x1f, 0xee, 0xee, 0xef, 0x30,
    0x2, 0xff, 0x9c, 0x1f, 0x0, 0x0, 0xd, 0x30,
    0xa, 0x9f, 0x3b, 0x3e, 0xee, 0xfe, 0xee, 0x30,
    0x4e, 0x1f, 0x30, 0x0, 0x4, 0xd0, 0x0, 0x0,
    0x1, 0xf, 0x30, 0xee, 0xef, 0xff, 0xee, 0xf0,
    0x0, 0xf, 0x30, 0x0, 0x1e, 0x8e, 0x50, 0x0,
    0x0, 0xf, 0x30, 0x6, 0xe7, 0x3, 0xe9, 0x10,
    0x0, 0xf, 0x34, 0xfb, 0x30, 0x0, 0x1b, 0xf2,
    0x0, 0x0, 0x0, 0x10, 0x0, 0x0, 0x0, 0x0,

    /* U+6B4C "歌" */
    0x0, 0x0, 0x0, 0x0, 0x4, 0xb0, 0x0, 0xb,
    0xff, 0xff, 0xff, 0xe3, 0x9b, 0x0, 0x0, 0x2,
    0x22, 0x13, 0xe0, 0xe, 0x40, 0x0, 0x3, 0xfb,
    0xe6, 0x3e, 0x5, 0xfe, 0xee, 0xe1, 0x2f, 0xb,
    0x63, 0xe0, 0xd7, 0x0, 0x5d, 0x3, 0xff, 0xf6,
    0x3e, 0x4f, 0x16, 0x28, 0x90, 0x11, 0x11, 0x12,
    0x41, 0x20, 0xf4, 0x0, 0xa, 0xdd, 0xdd, 0xef,
    0xd9, 0xf, 0x40, 0x0, 0x1, 0x11, 0x3, 0xe0,
    0x0, 0xf6, 0x0, 0x4, 0xfc, 0xf5, 0x3e, 0x0,
    0x2f, 0xa0, 0x0, 0x3e, 0xc, 0x53, 0xe0, 0x7,
    0xce, 0x10, 0x3, 0xfd, 0xf5, 0x3e, 0x1, 0xe4,
    0x9b, 0x0, 0x4e, 0x8, 0x43, 0xe0, 0xbc, 0x1,
    0xea, 0x3, 0xa0, 0x28, 0xbd, 0xae, 0x20, 0x4,
    0xf4, 0x0, 0x0, 0xb9, 0x23, 0x30, 0x0, 0x2,
    0x0,

    /* U+6B63 "正" */
    0x1, 0x55, 0x55, 0x55, 0x55, 0x55, 0x56, 0x10,
    0x2c, 0xcc, 0xcc, 0xdf, 0xcc, 0xcc, 0xd2, 0x0,
    0x0, 0x0, 0x5, 0xe0, 0x0, 0x0, 0x0, 0x0,
    0x0, 0x0, 0x5e, 0x0, 0x0, 0x0, 0x0, 0xa,
    0x40, 0x5, 0xe0, 0x0, 0x0, 0x0, 0x0, 0xe6,
    0x0, 0x5f, 0x44, 0x44, 0x40, 0x0, 0xe, 0x60,
    0x5, 0xfc, 0xcc, 0xcb, 0x0, 0x0, 0xe6, 0x0,
    0x5e, 0x0, 0x0, 0x0, 0x0, 0xe, 0x60, 0x5,
    0xe0, 0x0, 0x0, 0x0, 0x0, 0xe6, 0x0, 0x5e,
    0x0, 0x0, 0x0, 0x0, 0xe, 0x60, 0x5, 0xe0,
    0x0, 0x0, 0x1, 0x43, 0xe8, 0x33, 0x7f, 0x33,
    0x33, 0x43, 0x4e, 0xee, 0xee, 0xee, 0xee, 0xee,
    0xee, 0xb0,

    /* U+6B65 "步" */
    0x0, 0x0, 0x0, 0x3, 0xf1, 0x0, 0x0, 0x0,
    0x0, 0x0, 0x0, 0x2, 0xf0, 0x0, 0x0, 0x0,
    0x0, 0x0, 0xf5, 0x2, 0xfd, 0xdd, 0xd9, 0x0,
    0x0, 0x0, 0xe4, 0x2, 0xf2, 0x22, 0x22, 0x0,
    0x0, 0x0, 0xe4, 0x2, 0xf0, 0x0, 0x0, 0x0,
    0x5, 0x44, 0xe7, 0x46, 0xf4, 0x44, 0x44, 0x50,
    0xd, 0xcc, 0xcc, 0xcc, 0xcc, 0xcc, 0xcc, 0xd0,
    0x0, 0x0, 0x1, 0x2, 0xc1, 0x0, 0x0, 0x0,
    0x0, 0x0, 0x8e, 0x12, 0xf0, 0x0, 0x1a, 0x10,
    0x0, 0x6, 0xf4, 0x2, 0xf0, 0x0, 0xce, 0x20,
    0x0, 0x7f, 0x40, 0x2, 0xf0, 0xb, 0xe2, 0x0,
    0x3, 0xf4, 0x0, 0x2, 0xf4, 0xdc, 0x10, 0x0,
    0x0, 0x0, 0x0, 0x6, 0xff, 0x80, 0x0, 0x0,
    0x5, 0x78, 0xac, 0xfd, 0x81, 0x0, 0x0, 0x0,
    0x5, 0xca, 0x85, 0x20, 0x0, 0x0, 0x0, 0x0,

    /* U+6D88 "消" */
    0x0, 0x40, 0x0, 0x20, 0x6, 0xf0, 0x1, 0x10,
    0x4, 0xf8, 0x5, 0xf3, 0x6, 0xf0, 0xb, 0xd0,
    0x0, 0x6f, 0x70, 0xcc, 0x6, 0xf0, 0x4f, 0x30,
    0x0, 0x5, 0x0, 0x3b, 0x16, 0xf0, 0x88, 0x0,
    0x1, 0x0, 0x0, 0x22, 0x27, 0xf2, 0x22, 0x10,
    0x2f, 0xa2, 0x0, 0xef, 0xee, 0xee, 0xef, 0x70,
    0x2, 0xab, 0x0, 0xe6, 0x0, 0x0, 0xe, 0x60,
    0x0, 0x0, 0x0, 0xee, 0xdd, 0xdd, 0xdf, 0x60,
    0x0, 0x9, 0x0, 0xe8, 0x44, 0x44, 0x4e, 0x60,
    0x0, 0x3f, 0x20, 0xe6, 0x0, 0x0, 0xe, 0x60,
    0x0, 0x8c, 0x0, 0xef, 0xff, 0xff, 0xff, 0x60,
    0x0, 0xe7, 0x0, 0xe7, 0x11, 0x11, 0x1e, 0x60,
    0x5, 0xf2, 0x0, 0xe6, 0x0, 0x0, 0xe, 0x60,
    0xe, 0xe0, 0x0, 0xe6, 0x0, 0x2, 0x9f, 0x60,
    0x4, 0x80, 0x0, 0xe6, 0x0, 0x0, 0xdc, 0x10,
    0x0, 0x0, 0x0, 0x0, 0x0, 0x0, 0x0, 0x0,

    /* U+70B9 "点" */
    0x0, 0x0, 0x0, 0x1f, 0x40, 0x0, 0x0, 0x0,
    0x0, 0x0, 0x0, 0x1f, 0x40, 0x0, 0x0, 0x0,
    0x0, 0x0, 0x0, 0x1f, 0xff, 0xff, 0xff, 0x50,
    0x0, 0x0, 0x0, 0x1f, 0x51, 0x11, 0x12, 0x0,
    0x0, 0x1, 0x11, 0x1f, 0x41, 0x11, 0x10, 0x0,
    0x0, 0xf, 0xff, 0xff, 0xff, 0xff, 0xf0, 0x0,
    0x0, 0xf, 0x50, 0x0, 0x0, 0x4, 0xf0, 0x0,
    0x0, 0xf, 0x50, 0x0, 0x0, 0x4, 0xf0, 0x0,
    0x0, 0xf, 0x50, 0x0, 0x0, 0x4, 0xf0, 0x0,
    0x0, 0xf, 0xff, 0xff, 0xff, 0xff, 0xf0, 0x0,
    0x0, 0x21, 0x11, 0x11, 0x11, 0x11, 0x10, 0x0,
    0x0, 0xe8, 0xa, 0x30, 0x3c, 0x0, 0x7b, 0x0,
    0x5, 0xf1, 0xb, 0xa0, 0x1e, 0x70, 0x3f, 0x50,
    0xd, 0x90, 0x5, 0xf1, 0x8, 0xe0, 0x9, 0xe0,
    0x4, 0x10, 0x0, 0x30, 0x1, 0x20, 0x1, 0x30,

    /* U+73AF "环" */
    0x0, 0x0, 0x0, 0x0, 0x0, 0x0, 0x0, 0x0,
    0x1f, 0xff, 0xff, 0x8f, 0xff, 0xff, 0xff, 0xf0,
    0x0, 0xe, 0x30, 0x1, 0x11, 0xb9, 0x11, 0x10,
    0x0, 0xe, 0x30, 0x0, 0x0, 0xf4, 0x0, 0x0,
    0x2, 0x2e, 0x42, 0x0, 0x3, 0xf0, 0x0, 0x0,
    0xe, 0xef, 0xee, 0x20, 0x9, 0xf2, 0x80, 0x0,
    0x0, 0xe, 0x30, 0x0, 0x1f, 0xf3, 0xf5, 0x0,
    0x0, 0xe, 0x30, 0x0, 0x9e, 0xf0, 0x7e, 0x10,
    0x0, 0xe, 0x30, 0x3, 0xf6, 0xf0, 0xd, 0xb0,
    0x0, 0xe, 0x9d, 0x3d, 0x83, 0xf0, 0x4, 0xf2,
    0x28, 0xdf, 0xb6, 0xdc, 0x3, 0xf0, 0x0, 0x20,
    0x1c, 0x71, 0x2, 0xa1, 0x3, 0xf0, 0x0, 0x0,
    0x0, 0x0, 0x0, 0x0, 0x3, 0xf0, 0x0, 0x0,
    0x0, 0x0, 0x0, 0x0, 0x3, 0xf0, 0x0, 0x0,
    0x0, 0x0, 0x0, 0x0, 0x4, 0xf0, 0x0, 0x0,

    /* U+751F "生" */
    0x0, 0x0, 0x0, 0xf, 0x70, 0x0, 0x0, 0x0,
    0x5, 0xf3, 0x0, 0xe6, 0x0, 0x0, 0x0, 0x0,
    0x9d, 0x0, 0xe, 0x60, 0x0, 0x0, 0x0, 0xe,
    0x93, 0x33, 0xe8, 0x33, 0x34, 0x10, 0x5, 0xfe,
    0xee, 0xef, 0xee, 0xee, 0xe6, 0x0, 0xda, 0x0,
    0x0, 0xe6, 0x0, 0x0, 0x0, 0x6f, 0x20, 0x0,
    0xe, 0x60, 0x0, 0x0, 0x0, 0x10, 0x43, 0x33,
    0xe8, 0x33, 0x42, 0x0, 0x0, 0xe, 0xee, 0xef,
    0xee, 0xee, 0x70, 0x0, 0x0, 0x0, 0x0, 0xe6,
    0x0, 0x0, 0x0, 0x0, 0x0, 0x0, 0xe, 0x60,
    0x0, 0x0, 0x0, 0x0, 0x0, 0x0, 0xe6, 0x0,
    0x0, 0x0, 0x4, 0x33, 0x33, 0x3e, 0x83, 0x33,
    0x33, 0x20, 0xed, 0xdd, 0xdd, 0xdd, 0xdd, 0xdd,
    0xe6,

    /* U+7528 "用" */
    0x0, 0x5f, 0xff, 0xff, 0xff, 0xff, 0xff, 0x0,
    0x4e, 0x0, 0x5, 0xe0, 0x0, 0x5f, 0x0, 0x4e,
    0x0, 0x5, 0xe0, 0x0, 0x5e, 0x0, 0x4f, 0xee,
    0xee, 0xfe, 0xee, 0xee, 0x0, 0x4e, 0x0, 0x5,
    0xe0, 0x0, 0x5e, 0x0, 0x4e, 0x0, 0x5, 0xe0,
    0x0, 0x5e, 0x0, 0x4e, 0x0, 0x5, 0xe0, 0x0,
    0x5e, 0x0, 0x5f, 0xff, 0xff, 0xff, 0xff, 0xfe,
    0x0, 0x6d, 0x0, 0x5, 0xe0, 0x0, 0x5e, 0x0,
    0x8a, 0x0, 0x5, 0xe0, 0x0, 0x5e, 0x0, 0xd6,
    0x0, 0x5, 0xe0, 0x0, 0x5e, 0x3, 0xf1, 0x0,
    0x5, 0xf0, 0x3, 0x8d, 0xc, 0xa0, 0x0, 0x5,
    0xd0, 0xb, 0xf6, 0x1, 0x10, 0x0, 0x0, 0x0,
    0x1, 0x0,

    /* U+7684 "的" */
    0x0, 0x0, 0x0, 0x0, 0x0, 0x0, 0x0, 0x0,
    0x1c, 0x20, 0x0, 0x2c, 0x30, 0x0, 0x0, 0x4f,
    0x0, 0x0, 0x6f, 0x0, 0x0, 0x0, 0x6a, 0x0,
    0x0, 0xca, 0x33, 0x33, 0x4f, 0xff, 0xff, 0x42,
    0xfe, 0xee, 0xff, 0x4e, 0x11, 0x1e, 0x4a, 0xc0,
    0x0, 0x3f, 0x4e, 0x0, 0xe, 0x8f, 0x30, 0x0,
    0x3e, 0x4e, 0x0, 0xe, 0x55, 0x46, 0x0, 0x4e,
    0x4f, 0xee, 0xef, 0x40, 0x6f, 0x10, 0x4d, 0x4e,
    0x22, 0x2e, 0x40, 0xe, 0x70, 0x4d, 0x4e, 0x0,
    0xe, 0x40, 0x8, 0xd0, 0x5c, 0x4e, 0x0, 0xe,
    0x40, 0x1, 0x10, 0x6b, 0x4e, 0x11, 0x1e, 0x40,
    0x0, 0x0, 0x7a, 0x4f, 0xff, 0xff, 0x40, 0x0,
    0x0, 0xa8, 0x5e, 0x0, 0xd, 0x40, 0x4, 0xce,
    0xd2, 0x0, 0x0, 0x0, 0x0, 0x0, 0x63, 0x0,

    /* U+7801 "码" */
    0x0, 0x0, 0x0, 0x0, 0x10, 0x0, 0x0, 0x0,
    0x1f, 0xff, 0xff, 0xd9, 0xff, 0xff, 0xfb, 0x0,
    0x0, 0xe, 0x40, 0x0, 0x33, 0x0, 0x89, 0x0,
    0x0, 0x1f, 0x0, 0x0, 0xa9, 0x0, 0xa7, 0x0,
    0x0, 0x6c, 0x0, 0x0, 0xb6, 0x0, 0xd5, 0x0,
    0x0, 0xbd, 0xaa, 0x50, 0xd4, 0x0, 0xf3, 0x0,
    0x2, 0xfb, 0x6b, 0x80, 0xf3, 0x1, 0xf1, 0x0,
    0x9, 0xf8, 0x9, 0x71, 0xff, 0xff, 0xff, 0xf0,
    0x3f, 0xb8, 0x9, 0x70, 0x0, 0x0, 0x5, 0xd0,
    0x17, 0x98, 0x9, 0x72, 0x22, 0x22, 0x37, 0xc0,
    0x0, 0x9a, 0x4b, 0x7d, 0xee, 0xee, 0xfc, 0xa0,
    0x0, 0x9d, 0xbe, 0x80, 0x0, 0x0, 0x9, 0x80,
    0x0, 0x98, 0x5, 0x50, 0x0, 0x0, 0xd, 0x50,
    0x0, 0x22, 0x0, 0x0, 0x0, 0xd, 0xfe, 0x0,
    0x0, 0x0, 0x0, 0x0, 0x0, 0x5, 0x51, 0x0,

    /* U+786E "确" */
    0x0, 0x0, 0x0, 0x0, 0x32, 0x0, 0x0, 0x0,
    0x0, 0x0, 0x0, 0xc, 0xa0, 0x0, 0x0, 0xb,
    0xcc, 0xcc, 0x44, 0xfb, 0xaa, 0xa1, 0x0, 0x34,
    0xf5, 0x32, 0xe7, 0x33, 0xf8, 0x0, 0x0, 0x4f,
    0x0, 0xba, 0x0, 0x6e, 0x0, 0x0, 0x8, 0xa0,
    0x6, 0xac, 0xcf, 0xec, 0xca, 0x0, 0xea, 0x77,
    0xb, 0x61, 0xe3, 0x16, 0xd0, 0x8f, 0x98, 0xf1,
    0xb5, 0xe, 0x20, 0x5d, 0x4f, 0xf2, 0xf, 0xb,
    0xee, 0xfe, 0xee, 0xd3, 0x9e, 0x20, 0xf0, 0xc5,
    0xe, 0x20, 0x5d, 0x0, 0xe2, 0xf, 0xc, 0x62,
    0xe4, 0x26, 0xd0, 0xe, 0x53, 0xf0, 0xed, 0xcf,
    0xcc, 0xdd, 0x0, 0xec, 0xbf, 0x2f, 0x20, 0xe2,
    0x5, 0xd0, 0xe, 0x20, 0xb9, 0xd0, 0xe, 0x20,
    0x5d, 0x0, 0x81, 0x1, 0xe4, 0x0, 0xb1, 0x6e,
    0xb0, 0x0, 0x0, 0x1, 0x0, 0x0, 0x2, 0x40,

    /* U+793A "示" */
    0x0, 0x0, 0x0, 0x0, 0x0, 0x0, 0x0, 0x0,
    0xff, 0xff, 0xff, 0xff, 0xff, 0x10, 0x0, 0x21,
    0x11, 0x11, 0x11, 0x12, 0x0, 0x0, 0x0, 0x0,
    0x0, 0x0, 0x0, 0x0, 0x0, 0x0, 0x0, 0x0,
    0x0, 0x0, 0x0, 0xad, 0xdd, 0xdd, 0xdd, 0xdd,
    0xdd, 0xdd, 0x33, 0x33, 0x33, 0x8c, 0x33, 0x33,
    0x34, 0x0, 0x3, 0x0, 0x7c, 0x0, 0x10, 0x0,
    0x0, 0x2f, 0x50, 0x7c, 0x6, 0xd1, 0x0, 0x0,
    0xbc, 0x0, 0x7c, 0x0, 0xcb, 0x0, 0x5, 0xf2,
    0x0, 0x7c, 0x0, 0x1e, 0x90, 0x2f, 0x70, 0x0,
    0x7c, 0x0, 0x4, 0xf5, 0x5c, 0x0, 0x0, 0x8b,
    0x0, 0x0, 0x74, 0x0, 0x0, 0x4f, 0xf8, 0x0,
    0x0, 0x0, 0x0, 0x0, 0x6, 0x20, 0x0, 0x0,
    0x0,

    /* U+7A0D "稍" */
    0x0, 0x0, 0x45, 0x1, 0x0, 0xe5, 0x2, 0x10,
    0x7, 0xbe, 0xf9, 0x2f, 0x10, 0xe5, 0xc, 0xb0,
    0x9, 0x7e, 0x50, 0xc, 0x90, 0xd5, 0x6e, 0x10,
    0x0, 0xd, 0x50, 0x4, 0x80, 0xd5, 0x74, 0x0,
    0x14, 0x3e, 0x73, 0x1, 0x11, 0xd6, 0x11, 0x0,
    0x4e, 0xdf, 0xee, 0x2d, 0xff, 0xff, 0xff, 0x50,
    0x0, 0x4f, 0x50, 0xd, 0x60, 0x0, 0xe, 0x50,
    0x0, 0xaf, 0xb7, 0xd, 0xfe, 0xee, 0xef, 0x50,
    0x3, 0xee, 0x9f, 0x2d, 0x73, 0x33, 0x3f, 0x50,
    0xc, 0x7d, 0x5a, 0x3d, 0x61, 0x11, 0x1e, 0x50,
    0x6e, 0xd, 0x50, 0xd, 0xff, 0xff, 0xff, 0x50,
    0x3, 0xd, 0x50, 0xd, 0x61, 0x11, 0x1e, 0x50,
    0x0, 0xe, 0x50, 0xd, 0x50, 0x0, 0xe, 0x50,
    0x0, 0xe, 0x50, 0xd, 0x50, 0x3, 0x9f, 0x50,
    0x0, 0xc, 0x50, 0xe, 0x50, 0x1, 0xfb, 0x10,
    0x0, 0x0, 0x0, 0x0, 0x0, 0x0, 0x0, 0x0,

    /* U+7A7A "空" */
    0x0, 0x0, 0x0, 0x1, 0x0, 0x0, 0x0, 0x0,
    0x0, 0x0, 0xa, 0xd0, 0x0, 0x0, 0x0, 0x0,
    0x0, 0x0, 0x4e, 0x20, 0x0, 0x0, 0x6, 0xff,
    0xff, 0xff, 0xff, 0xff, 0xff, 0x70, 0x6e, 0x22,
    0x32, 0x22, 0x22, 0x22, 0xe7, 0x6, 0xe0, 0x3e,
    0x60, 0x2, 0xa3, 0xc, 0x60, 0x0, 0x6f, 0xc2,
    0x0, 0x2b, 0xfb, 0x30, 0x4, 0xcf, 0x60, 0x0,
    0x0, 0x4, 0xdf, 0x80, 0x2a, 0x20, 0x0, 0x0,
    0x0, 0x0, 0x71, 0x0, 0xf, 0xff, 0xff, 0xff,
    0xff, 0xf4, 0x0, 0x0, 0x32, 0x11, 0x8e, 0x11,
    0x22, 0x10, 0x0, 0x0, 0x0, 0x7, 0xe0, 0x0,
    0x0, 0x0, 0x0, 0x0, 0x0, 0x7e, 0x0, 0x0,
    0x0, 0x2, 0x11, 0x11, 0x17, 0xe1, 0x11, 0x11,
    0x11, 0xef, 0xff, 0xff, 0xff, 0xff, 0xff, 0xff,
    0xa1, 0x0, 0x0, 0x0, 0x0, 0x0, 0x0, 0x1,

    /* U+7AEF "端" */
    0x0, 0x16, 0x0, 0x0, 0x0, 0xf3, 0x0, 0x0,
    0x5, 0xf2, 0x0, 0xf1, 0xf, 0x30, 0xf4, 0x0,
    0xb, 0x60, 0xe, 0x10, 0xf3, 0xe, 0x30, 0x44,
    0x44, 0x50, 0xf7, 0x7f, 0x87, 0xf3, 0xa, 0xaa,
    0xab, 0x7, 0x77, 0x77, 0x77, 0x10, 0x0, 0x5,
    0x52, 0x44, 0x44, 0x44, 0x44, 0xd, 0x60, 0xb8,
    0x5b, 0xbc, 0xfb, 0xbb, 0xa0, 0x8a, 0xe, 0x40,
    0x0, 0x4d, 0x0, 0x0, 0x5, 0xe1, 0xf0, 0x5f,
    0xff, 0xff, 0xff, 0x90, 0x1d, 0x5c, 0x5, 0xa2,
    0xe0, 0xe1, 0x89, 0x0, 0x7, 0xa6, 0x6a, 0x2e,
    0xe, 0x18, 0x91, 0x7a, 0xed, 0x96, 0xa2, 0xe0,
    0xe1, 0x89, 0x1d, 0x72, 0x0, 0x5a, 0x3e, 0xe,
    0x18, 0x90, 0x0, 0x0, 0x5, 0xa0, 0x0, 0x15,
    0xd8, 0x0, 0x0, 0x0, 0x6a, 0x0, 0x0, 0x7e,
    0x30, 0x0, 0x0, 0x0, 0x0, 0x0, 0x1, 0x0,

    /* U+7B49 "等" */
    0x0, 0x2, 0x0, 0x0, 0x0, 0x0, 0x0, 0x0,
    0x0, 0x6f, 0x20, 0x0, 0x5, 0xf3, 0x0, 0x0,
    0x0, 0xef, 0xee, 0xee, 0x3e, 0xfd, 0xdd, 0xd6,
    0xb, 0xd0, 0x6e, 0x1, 0xbc, 0x11, 0xe6, 0x10,
    0x7, 0x20, 0x16, 0x1c, 0x80, 0x0, 0x78, 0x0,
    0x0, 0x6d, 0xdd, 0xdf, 0xed, 0xdd, 0xd4, 0x0,
    0x0, 0x11, 0x11, 0x1c, 0x81, 0x11, 0x20, 0x0,
    0x0, 0x0, 0x0, 0xc, 0x70, 0x0, 0x0, 0x0,
    0x9f, 0xff, 0xff, 0xff, 0xff, 0xff, 0xff, 0xf7,
    0x0, 0x0, 0x0, 0x0, 0x0, 0x6e, 0x0, 0x0,
    0x0, 0x32, 0x22, 0x22, 0x22, 0x8e, 0x22, 0x10,
    0x1, 0xed, 0xdd, 0xdd, 0xdd, 0xef, 0xde, 0x70,
    0x0, 0x1, 0xc3, 0x0, 0x0, 0x6e, 0x0, 0x0,
    0x0, 0x0, 0x9d, 0x10, 0x0, 0x7e, 0x0, 0x0,
    0x0, 0x0, 0x7, 0x0, 0x59, 0xdc, 0x0, 0x0,
    0x0, 0x0, 0x0, 0x0, 0x3a, 0x71, 0x0, 0x0,

    /* U+7ED3 "结" */
    0x0, 0xa, 0x30, 0x0, 0x0, 0xe5, 0x0, 0x0,
    0x0, 0x3f, 0x40, 0x0, 0x0, 0xe5, 0x0, 0x0,
    0x0, 0xab, 0x0, 0x13, 0x33, 0xe7, 0x33, 0x41,
    0x2, 0xf2, 0x8, 0x6d, 0xcc, 0xfd, 0xcc, 0xd4,
    0xc, 0xa0, 0x6f, 0x30, 0x0, 0xd5, 0x0, 0x0,
    0x5f, 0xdd, 0xf5, 0x2, 0x22, 0xe6, 0x22, 0x10,
    0x16, 0x3b, 0x90, 0x9, 0xdd, 0xdd, 0xdd, 0x70,
    0x0, 0x4d, 0x0, 0x0, 0x0, 0x0, 0x0, 0x0,
    0x3, 0xe8, 0x7a, 0x24, 0xff, 0xff, 0xff, 0x40,
    0xf, 0xfd, 0xa8, 0x4, 0xe0, 0x0, 0xe, 0x40,
    0x2, 0x0, 0x0, 0x4, 0xe0, 0x0, 0xe, 0x40,
    0x0, 0x3, 0x58, 0x34, 0xe0, 0x0, 0xe, 0x40,
    0x4f, 0xff, 0xda, 0x24, 0xff, 0xff, 0xff, 0x40,
    0x5, 0x20, 0x0, 0x4, 0xe0, 0x0, 0xe, 0x40,
    0x0, 0x0, 0x0, 0x0, 0x10, 0x0, 0x0, 0x0,

    /* U+7EDC "络" */
    0x0, 0x3, 0x0, 0x0, 0x4b, 0x10, 0x0, 0x0,
    0x0, 0xe, 0x70, 0x0, 0xac, 0x0, 0x0, 0x0,
    0x0, 0x5e, 0x0, 0x1, 0xff, 0xff, 0xff, 0x50,
    0x0, 0xc5, 0xa, 0x1a, 0xf9, 0x0, 0x9c, 0x0,
    0x6, 0xc0, 0x7e, 0x7f, 0x4f, 0x44, 0xf2, 0x0,
    0x1f, 0xed, 0xf6, 0x44, 0x6, 0xef, 0x50, 0x0,
    0x6, 0x28, 0xd0, 0x0, 0x8, 0xff, 0x50, 0x0,
    0x0, 0x1f, 0x40, 0x17, 0xee, 0x48, 0xfd, 0x72,
    0x0, 0xab, 0x0, 0xcf, 0xa1, 0x0, 0x3c, 0xf8,
    0x7, 0xfc, 0xdd, 0x25, 0xff, 0xff, 0xff, 0x21,
    0x4, 0x96, 0x42, 0x3, 0xe0, 0x0, 0x3f, 0x0,
    0x0, 0x2, 0x59, 0x13, 0xe0, 0x0, 0x3e, 0x0,
    0x8, 0xff, 0xb6, 0x3, 0xfc, 0xcc, 0xde, 0x0,
    0x4, 0x92, 0x0, 0x3, 0xf3, 0x33, 0x6e, 0x0,
    0x0, 0x0, 0x0, 0x3, 0xe0, 0x0, 0x3f, 0x0,
    0x0, 0x0, 0x0, 0x0, 0x10, 0x0, 0x0, 0x0,

    /* U+7EE7 "继" */
    0x0, 0x67, 0x0, 0x0, 0x0, 0x4e, 0x0, 0x0,
    0x0, 0xca, 0x0, 0x73, 0xa2, 0x4e, 0x9, 0x60,
    0x1, 0xf2, 0x0, 0xd6, 0xa8, 0x4e, 0xf, 0x50,
    0x8, 0x90, 0x51, 0xd5, 0x5d, 0x4e, 0x5f, 0x0,
    0x2e, 0x10, 0xf7, 0xd5, 0x15, 0x4e, 0x15, 0x0,
    0x8f, 0xef, 0xc0, 0xd5, 0x43, 0x6f, 0x33, 0x30,
    0x24, 0x4f, 0x20, 0xd5, 0xdd, 0xff, 0xdd, 0xb0,
    0x0, 0xc7, 0x0, 0xd5, 0x0, 0xee, 0x10, 0x0,
    0xa, 0xb1, 0x20, 0xd5, 0x8, 0xee, 0xc7, 0x0,
    0x2f, 0xff, 0xc0, 0xd5, 0x4e, 0x6e, 0x2f, 0x40,
    0x2, 0x0, 0x0, 0xd7, 0xf6, 0x4e, 0x6, 0x40,
    0x0, 0x13, 0x61, 0xd5, 0x40, 0x4f, 0x0, 0x0,
    0x6f, 0xfd, 0x90, 0xd6, 0x11, 0x13, 0x11, 0x10,
    0x13, 0x0, 0x0, 0xdf, 0xff, 0xff, 0xff, 0xf2,

    /* U+7EED "续" */
    0x0, 0x19, 0x20, 0x0, 0x0, 0xf3, 0x0, 0x0,
    0x0, 0x8e, 0x10, 0x13, 0x22, 0xf5, 0x22, 0x30,
    0x0, 0xe7, 0x0, 0x4d, 0xcc, 0xfd, 0xcc, 0xc0,
    0x5, 0xe0, 0x68, 0x1, 0x0, 0xf3, 0x0, 0x0,
    0x1e, 0x70, 0xd6, 0x5d, 0xcc, 0xcc, 0xce, 0xa0,
    0x5f, 0xfe, 0xd0, 0x3, 0x70, 0x33, 0xe, 0x40,
    0x3, 0x1e, 0x40, 0x3, 0xeb, 0x9b, 0x7, 0x0,
    0x0, 0x8b, 0x0, 0x4a, 0x23, 0x99, 0x0, 0x0,
    0x5, 0xf5, 0x42, 0x1d, 0xb0, 0x98, 0x0, 0x0,
    0xc, 0xfe, 0xc4, 0x2, 0x50, 0xa7, 0x1, 0x10,
    0x2, 0x10, 0x0, 0x8e, 0xee, 0xfe, 0xee, 0xe0,
    0x0, 0x13, 0x64, 0x0, 0x6, 0xe2, 0x10, 0x0,
    0x1f, 0xfe, 0xb5, 0x1, 0x8f, 0x56, 0xf8, 0x10,
    0x4, 0x20, 0x3, 0xdf, 0xc3, 0x0, 0x4d, 0xe1,
    0x0, 0x0, 0x0, 0x63, 0x0, 0x0, 0x0, 0x40,

    /* U+7F13 "缓" */
    0x0, 0x1a, 0x10, 0x0, 0x12, 0x35, 0x7b, 0x10,
    0x5, 0xf1, 0xa, 0xff, 0xed, 0xb9, 0x82, 0x0,
    0xc8, 0x0, 0x27, 0x6, 0x50, 0x95, 0x0, 0x4e,
    0x3, 0xd2, 0xf2, 0x9b, 0x1f, 0x20, 0x1d, 0xa3,
    0xba, 0x7, 0x23, 0x37, 0xb0, 0x1, 0xeb, 0xdd,
    0x9, 0xee, 0xfe, 0xee, 0xe5, 0x0, 0x2e, 0x20,
    0x10, 0x5e, 0x0, 0x1, 0x10, 0xc, 0x60, 0x3e,
    0xef, 0xee, 0xee, 0xed, 0xc, 0xf8, 0x91, 0x0,
    0xe2, 0x0, 0x0, 0x0, 0xba, 0x88, 0x0, 0x6f,
    0xff, 0xff, 0xc0, 0x0, 0x0, 0x1, 0x1e, 0xd6,
    0x2, 0xf2, 0x2, 0x8a, 0xdf, 0x7b, 0x92, 0xe5,
    0xd7, 0x0, 0x1d, 0x95, 0x2b, 0xd0, 0x8, 0xfe,
    0x20, 0x0, 0x0, 0x4, 0xd2, 0x6b, 0xe6, 0xaf,
    0xe9, 0x0, 0x0, 0x0, 0x8, 0x60, 0x0, 0x16,
    0x40,

    /* U+7F51 "网" */
    0x6f, 0xff, 0xff, 0xff, 0xff, 0xff, 0xff, 0x5,
    0xe1, 0x11, 0x11, 0x11, 0x11, 0x15, 0xf0, 0x5e,
    0x1, 0x0, 0xb3, 0x0, 0x47, 0x5e, 0x5, 0xe6,
    0xe0, 0x3f, 0x34, 0x9, 0xc5, 0xe0, 0x5e, 0xd,
    0x77, 0xb7, 0xe1, 0xd5, 0x5e, 0x5, 0xe0, 0x3f,
    0xd5, 0xc, 0xbf, 0x5, 0xe0, 0x5e, 0x0, 0xaf,
    0x0, 0x4f, 0xa0, 0x5e, 0x5, 0xe0, 0xb, 0xf4,
    0x1, 0xfa, 0x5, 0xe0, 0x5e, 0x3, 0xfa, 0xd0,
    0xad, 0xf3, 0x5e, 0x5, 0xe0, 0xc8, 0x1b, 0x6f,
    0x2b, 0xb5, 0xe0, 0x5e, 0x7e, 0x0, 0x3f, 0x80,
    0x38, 0x5e, 0x5, 0xe3, 0x40, 0x1, 0x70, 0x0,
    0x5, 0xe0, 0x5e, 0x0, 0x0, 0x0, 0x0, 0x16,
    0xbe, 0x6, 0xe0, 0x0, 0x0, 0x0, 0x0, 0xdc,
    0x60,

    /* U+7F6E "置" */
    0xd, 0xed, 0xde, 0xdd, 0xfd, 0xde, 0xc0, 0x0,
    0xc6, 0x4, 0xa0, 0xd, 0x20, 0x7c, 0x0, 0xa,
    0xcc, 0xcc, 0xde, 0xcc, 0xcc, 0xa0, 0x3, 0x66,
    0x66, 0x6c, 0xd6, 0x66, 0x66, 0x0, 0x48, 0x77,
    0x77, 0xea, 0x77, 0x77, 0x80, 0x0, 0x6, 0xbb,
    0xbf, 0xcb, 0xbb, 0x40, 0x0, 0x0, 0x89, 0x22,
    0x22, 0x22, 0xb5, 0x0, 0x0, 0x7, 0xed, 0xdd,
    0xdd, 0xdf, 0x50, 0x0, 0x0, 0x78, 0x11, 0x11,
    0x11, 0xb5, 0x0, 0x0, 0x7, 0xff, 0xff, 0xff,
    0xff, 0x50, 0x0, 0x0, 0x7b, 0x77, 0x77, 0x77,
    0xd5, 0x0, 0x0, 0x7, 0xb5, 0x55, 0x55, 0x5c,
    0x50, 0x0, 0xed, 0xee, 0xdd, 0xdd, 0xdd, 0xed,
    0xde, 0x0,

    /* U+83DC "菜" */
    0x0, 0x0, 0x0, 0x0, 0x0, 0x10, 0x0, 0x0,
    0x0, 0x0, 0xd, 0x70, 0x3, 0xf0, 0x0, 0x0,
    0x5, 0x44, 0x4d, 0x94, 0x46, 0xf4, 0x44, 0x41,
    0x1d, 0xcc, 0xcf, 0xdc, 0xcd, 0xfc, 0xcc, 0xc3,
    0x0, 0x0, 0xb, 0x50, 0x3, 0xe2, 0x31, 0x0,
    0x1, 0xcd, 0xdd, 0xef, 0xfe, 0xdc, 0xc9, 0x0,
    0x0, 0x38, 0x21, 0x1a, 0x60, 0x1, 0xc3, 0x0,
    0x0, 0x1e, 0x80, 0x8, 0xe0, 0x8, 0xd0, 0x0,
    0x0, 0x5, 0xf1, 0x4, 0xc0, 0x1e, 0x40, 0x0,
    0x2, 0x22, 0x32, 0x26, 0xe2, 0x22, 0x22, 0x20,
    0x2f, 0xff, 0xff, 0xff, 0xff, 0xff, 0xff, 0xf3,
    0x0, 0x0, 0xb, 0xd5, 0xd7, 0xd1, 0x0, 0x0,
    0x0, 0x0, 0xae, 0x24, 0xd0, 0xae, 0x40, 0x0,
    0x0, 0x3d, 0xd2, 0x4, 0xd0, 0x9, 0xfb, 0x40,
    0xa, 0xfa, 0x0, 0x4, 0xd0, 0x0, 0x5e, 0xc1,
    0x4, 0x50, 0x0, 0x5, 0xe0, 0x0, 0x0, 0x10,

    /* U+8BBE "设" */
    0x0, 0x50, 0x0, 0x0, 0x0, 0x0, 0x0, 0x0,
    0x0, 0xdb, 0x0, 0xf, 0xff, 0xff, 0x30, 0x0,
    0x0, 0x1e, 0x90, 0xf, 0x20, 0x1f, 0x30, 0x0,
    0x0, 0x3, 0x50, 0x2f, 0x10, 0x1f, 0x30, 0x0,
    0x0, 0x0, 0x0, 0x8c, 0x0, 0x1f, 0x30, 0x0,
    0x4d, 0xdd, 0x15, 0xf4, 0x0, 0xf, 0xed, 0xd0,
    0x13, 0x5f, 0x14, 0x60, 0x0, 0x2, 0x54, 0x40,
    0x0, 0x2f, 0x14, 0xff, 0xff, 0xff, 0xf5, 0x0,
    0x0, 0x2f, 0x10, 0x1f, 0x10, 0x7, 0xe0, 0x0,
    0x0, 0x2f, 0x10, 0xb, 0x80, 0xe, 0x70, 0x0,
    0x0, 0x2f, 0x39, 0x2, 0xf3, 0x9d, 0x0, 0x0,
    0x0, 0x2f, 0xec, 0x0, 0x7f, 0xf3, 0x0, 0x0,
    0x0, 0x4f, 0xb0, 0x1, 0xaf, 0xf8, 0x10, 0x0,
    0x0, 0x4d, 0x14, 0xaf, 0x91, 0x3b, 0xfc, 0x91,
    0x0, 0x0, 0x1b, 0x71, 0x0, 0x0, 0x26, 0x90,

    /* U+8BD5 "试" */
    0x0, 0x0, 0x0, 0x0, 0x0, 0x20, 0x0, 0x0,
    0x0, 0x60, 0x0, 0x0, 0x0, 0xf5, 0x8a, 0x0,
    0x1, 0xe9, 0x0, 0x0, 0x0, 0xf4, 0x2e, 0x80,
    0x0, 0x2e, 0x30, 0x0, 0x0, 0xf4, 0x4, 0x20,
    0x0, 0x1, 0x1d, 0xcc, 0xcc, 0xfd, 0xcc, 0xb0,
    0x2, 0x22, 0x4, 0x33, 0x33, 0xd8, 0x33, 0x30,
    0xf, 0xff, 0x0, 0x0, 0x0, 0xb7, 0x0, 0x0,
    0x0, 0x3e, 0x4, 0xdc, 0xc6, 0x99, 0x0, 0x0,
    0x0, 0x3e, 0x1, 0x4f, 0x72, 0x7b, 0x0, 0x0,
    0x0, 0x3e, 0x0, 0xe, 0x30, 0x4f, 0x0, 0x0,
    0x0, 0x3e, 0x0, 0xe, 0x30, 0x1f, 0x30, 0x0,
    0x0, 0x3e, 0x5c, 0xe, 0x31, 0xc, 0x70, 0x10,
    0x0, 0x3f, 0xf5, 0x4f, 0xde, 0x7, 0xd0, 0xe4,
    0x0, 0x8f, 0x39, 0xfa, 0x51, 0x0, 0xea, 0xf4,
    0x0, 0x23, 0x0, 0x0, 0x0, 0x0, 0x5f, 0xe0,
    0x0, 0x0, 0x0, 0x0, 0x0, 0x0, 0x2, 0x10,

    /* U+8BDD "话" */
    0x0, 0x56, 0x0, 0x0, 0x0, 0x1, 0x45, 0x0,
    0x0, 0x5f, 0x40, 0x58, 0xac, 0xef, 0xeb, 0x0,
    0x0, 0x9, 0xc0, 0x69, 0x78, 0xe0, 0x0, 0x0,
    0x0, 0x0, 0x0, 0x0, 0x4, 0xe0, 0x0, 0x0,
    0x0, 0x0, 0x3, 0x44, 0x47, 0xf4, 0x44, 0x41,
    0x4f, 0xff, 0x8, 0xcc, 0xcd, 0xfc, 0xcc, 0xc4,
    0x2, 0x5f, 0x0, 0x0, 0x4, 0xe0, 0x0, 0x0,
    0x0, 0x4f, 0x0, 0x0, 0x4, 0xe0, 0x0, 0x0,
    0x0, 0x4f, 0x0, 0x3c, 0xcd, 0xfc, 0xcc, 0x0,
    0x0, 0x4f, 0x3, 0x4e, 0x22, 0x22, 0x6e, 0x0,
    0x0, 0x4f, 0x3f, 0x7e, 0x0, 0x0, 0x4e, 0x0,
    0x0, 0x4f, 0xf6, 0x4e, 0x0, 0x0, 0x4e, 0x0,
    0x0, 0x7f, 0x60, 0x4f, 0xff, 0xff, 0xfe, 0x0,
    0x0, 0x5, 0x0, 0x4e, 0x0, 0x0, 0x4f, 0x0,

    /* U+8BEF "误" */
    0x0, 0x50, 0x0, 0x0, 0x0, 0x0, 0x0, 0x0,
    0x0, 0xdb, 0x0, 0xdf, 0xff, 0xff, 0xf8, 0x0,
    0x0, 0xc, 0x80, 0xd4, 0x0, 0x0, 0x98, 0x0,
    0x0, 0x1, 0x10, 0xd4, 0x0, 0x0, 0x98, 0x0,
    0x1, 0x11, 0x0, 0xce, 0xee, 0xee, 0xe7, 0x0,
    0xc, 0xdf, 0x0, 0x0, 0x0, 0x0, 0x0, 0x0,
    0x0, 0x4e, 0x7, 0xff, 0xff, 0xff, 0xff, 0x70,
    0x0, 0x4e, 0x0, 0x0, 0xe, 0x50, 0x0, 0x0,
    0x0, 0x4e, 0x2, 0x21, 0x1f, 0x51, 0x12, 0x20,
    0x0, 0x4e, 0xd, 0xee, 0xef, 0xfe, 0xee, 0xf4,
    0x0, 0x4e, 0x51, 0x0, 0x9d, 0xe1, 0x0, 0x0,
    0x0, 0x4f, 0xf4, 0x5, 0xf3, 0xbb, 0x0, 0x0,
    0x0, 0x8f, 0x40, 0x6f, 0x70, 0x1d, 0xc4, 0x0,
    0x0, 0x26, 0x4d, 0xf6, 0x0, 0x1, 0xaf, 0xd1,
    0x0, 0x0, 0x8, 0x10, 0x0, 0x0, 0x2, 0x40,

    /* U+8BF7 "请" */
    0x0, 0x41, 0x0, 0x0, 0x3, 0xf0, 0x0, 0x0,
    0x0, 0xad, 0x10, 0xbb, 0xbc, 0xfb, 0xbb, 0xa0,
    0x0, 0xb, 0xc0, 0x33, 0x35, 0xf3, 0x33, 0x30,
    0x0, 0x1, 0x30, 0x8d, 0xdd, 0xfd, 0xdd, 0x70,
    0x0, 0x0, 0x0, 0x0, 0x3, 0xf0, 0x0, 0x0,
    0x2e, 0xdd, 0x6, 0xdc, 0xcd, 0xfc, 0xcc, 0xd6,
    0x3, 0x6e, 0x1, 0x22, 0x22, 0x22, 0x22, 0x21,
    0x0, 0x3e, 0x0, 0x3f, 0xff, 0xff, 0xff, 0x0,
    0x0, 0x3e, 0x0, 0x2f, 0x0, 0x0, 0x3f, 0x0,
    0x0, 0x3e, 0x0, 0x2f, 0xee, 0xee, 0xef, 0x0,
    0x0, 0x3e, 0x1a, 0x2f, 0x0, 0x0, 0x3f, 0x0,
    0x0, 0x4f, 0xe7, 0x2f, 0xee, 0xee, 0xef, 0x0,
    0x0, 0x9e, 0x30, 0x2f, 0x0, 0x0, 0x3f, 0x0,
    0x0, 0x12, 0x0, 0x3f, 0x0, 0x1, 0xec, 0x0,
    0x0, 0x0, 0x0, 0x0, 0x0, 0x0, 0x0, 0x0,

    /* U+8D25 "败" */
    0x0, 0x0, 0x0, 0x0, 0x0, 0x0, 0x0, 0x0,
    0x0, 0x0, 0x0, 0x0, 0x0, 0xb7, 0x0, 0x0,
    0x3, 0xcc, 0xcc, 0xcb, 0x0, 0xf4, 0x0, 0x0,
    0x3, 0xe3, 0x33, 0x4f, 0x3, 0xe0, 0x0, 0x0,
    0x3, 0xe0, 0x72, 0x2e, 0x8, 0xff, 0xff, 0xf6,
    0x3, 0xe0, 0xe4, 0x2e, 0xe, 0x40, 0x2e, 0x0,
    0x3, 0xe0, 0xe3, 0x2e, 0x5f, 0x50, 0x4c, 0x0,
    0x3, 0xe0, 0xe2, 0x2e, 0xac, 0x70, 0x5a, 0x0,
    0x3, 0xe0, 0xe2, 0x2e, 0x4, 0xb0, 0x88, 0x0,
    0x3, 0xe0, 0xf0, 0x2f, 0x0, 0xe0, 0xb5, 0x0,
    0x3, 0xe2, 0xe0, 0x2f, 0x0, 0xb7, 0xf1, 0x0,
    0x0, 0x7, 0x96, 0x20, 0x0, 0x4f, 0xa0, 0x0,
    0x0, 0x2e, 0x39, 0xe2, 0x0, 0x5f, 0x80, 0x0,
    0x2, 0xe8, 0x0, 0x9e, 0x7, 0xe6, 0xe8, 0x0,
    0xd, 0x90, 0x0, 0x6, 0xdd, 0x20, 0x2d, 0xd3,
    0x1, 0x0, 0x0, 0x1, 0x70, 0x0, 0x0, 0x60,

    /* U+8F7D "载" */
    0x0, 0x0, 0x0, 0x0, 0x0, 0x0, 0x0, 0x0,
    0x0, 0x0, 0xc7, 0x0, 0xf, 0x23, 0x70, 0x0,
    0x6, 0xbb, 0xed, 0xbb, 0x1f, 0x21, 0xe8, 0x0,
    0x2, 0x33, 0xc8, 0x34, 0xf, 0x10, 0x33, 0x0,
    0x13, 0x33, 0xc8, 0x33, 0x3e, 0x53, 0x33, 0x40,
    0x4c, 0xbb, 0xdb, 0xbb, 0xbf, 0xcb, 0xbb, 0xc0,
    0x0, 0x4, 0xf3, 0x0, 0xc, 0x40, 0x31, 0x0,
    0xe, 0xff, 0xff, 0xff, 0x5a, 0x60, 0xc9, 0x0,
    0x1, 0x8c, 0x36, 0x1, 0x8, 0x80, 0xf3, 0x0,
    0x4, 0xe1, 0x5d, 0x0, 0x5, 0xb5, 0xc0, 0x0,
    0x7, 0xff, 0xff, 0xff, 0x21, 0xfd, 0x50, 0x0,
    0x0, 0x0, 0x5d, 0x0, 0x0, 0xcd, 0x0, 0x0,
    0x4, 0x57, 0xaf, 0xdf, 0x31, 0xee, 0x0, 0x30,
    0xf, 0xeb, 0xbd, 0x20, 0x1d, 0x9b, 0x95, 0xe0,
    0x1, 0x0, 0x5d, 0x2, 0xdb, 0x1, 0xef, 0x80,
    0x0, 0x0, 0x5d, 0x5, 0xa0, 0x0, 0x28, 0x0,

    /* U+8FD4 "返" */
    0x0, 0x53, 0x0, 0x0, 0x0, 0x1, 0x45, 0x0,
    0x0, 0xba, 0x0, 0x5b, 0xbd, 0xff, 0xff, 0x30,
    0x0, 0x5f, 0x10, 0x7d, 0x54, 0x32, 0x10, 0x0,
    0x0, 0x9, 0x10, 0x6c, 0x0, 0x0, 0x0, 0x0,
    0x0, 0x0, 0x0, 0x6e, 0xaa, 0xaa, 0xa8, 0x0,
    0x3, 0x33, 0x0, 0x6d, 0x55, 0x55, 0xca, 0x0,
    0xc, 0xdf, 0x10, 0x7b, 0x6, 0x0, 0xd6, 0x0,
    0x0, 0x3f, 0x10, 0x9a, 0x3e, 0xc4, 0xf1, 0x0,
    0x0, 0x3f, 0x10, 0xd7, 0x1, 0xbf, 0xb0, 0x0,
    0x0, 0x3f, 0x13, 0xf2, 0x0, 0x8f, 0xf6, 0x0,
    0x0, 0x3f, 0x1d, 0xb0, 0x3b, 0xe3, 0x7f, 0x60,
    0x0, 0x4f, 0x58, 0x21, 0xd9, 0x10, 0x6, 0x10,
    0x5, 0xfa, 0xcc, 0x85, 0x43, 0x33, 0x45, 0x63,
    0xc, 0x70, 0x3, 0x8b, 0xdf, 0xff, 0xff, 0xf2,
    0x0, 0x0, 0x0, 0x0, 0x0, 0x0, 0x0, 0x0,

    /* U+8FDB "进" */
    0x0, 0x61, 0x0, 0x4, 0xe0, 0xf, 0x40, 0x0,
    0x0, 0xd9, 0x0, 0x3, 0xf0, 0xf, 0x30, 0x0,
    0x0, 0x6f, 0x2, 0x35, 0xf2, 0x2f, 0x53, 0x20,
    0x0, 0x9, 0x1b, 0xfe, 0xfe, 0xef, 0xee, 0xc0,
    0x0, 0x0, 0x0, 0x4, 0xe0, 0xf, 0x30, 0x0,
    0xb, 0xaa, 0x0, 0x5, 0xd0, 0xf, 0x30, 0x0,
    0x8, 0x9f, 0x4, 0x38, 0xc3, 0x3f, 0x63, 0x40,
    0x0, 0x4e, 0xe, 0xde, 0xfd, 0xdf, 0xed, 0xe1,
    0x0, 0x4e, 0x0, 0xa, 0x80, 0xf, 0x30, 0x0,
    0x0, 0x4e, 0x0, 0xe, 0x40, 0xf, 0x30, 0x0,
    0x0, 0x4e, 0x0, 0x6e, 0x0, 0xf, 0x30, 0x0,
    0x0, 0x5f, 0x24, 0xf6, 0x0, 0xf, 0x40, 0x0,
    0x19, 0xd8, 0xcd, 0xe5, 0x43, 0x3c, 0x63, 0x41,
    0x9, 0x0, 0x3, 0x7b, 0xdf, 0xff, 0xff, 0xf2,
    0x0, 0x0, 0x0, 0x0, 0x0, 0x0, 0x0, 0x0,

    /* U+8FDE "连" */
    0x0, 0x20, 0x0, 0x0, 0x5b, 0x0, 0x0, 0x0,
    0x6, 0xe1, 0x0, 0x0, 0xb9, 0x0, 0x0, 0x0,
    0x0, 0xcb, 0xe, 0xee, 0xfe, 0xee, 0xee, 0xa0,
    0x0, 0x2f, 0x32, 0x2c, 0x93, 0x62, 0x22, 0x20,
    0x0, 0x1, 0x0, 0x3f, 0x13, 0xf0, 0x0, 0x0,
    0x2, 0x11, 0x1, 0xd8, 0x14, 0xe1, 0x11, 0x0,
    0xf, 0xff, 0x4, 0xfe, 0xee, 0xfe, 0xef, 0x30,
    0x0, 0x4f, 0x0, 0x0, 0x3, 0xe0, 0x0, 0x0,
    0x0, 0x4f, 0x1, 0x10, 0x3, 0xe0, 0x0, 0x10,
    0x0, 0x4f, 0xf, 0xff, 0xff, 0xff, 0xff, 0xf0,
    0x0, 0x4f, 0x0, 0x0, 0x3, 0xe0, 0x0, 0x0,
    0x0, 0x4f, 0x0, 0x0, 0x3, 0xf0, 0x0, 0x0,
    0x5, 0xc7, 0xba, 0x64, 0x37, 0xf2, 0x22, 0x10,
    0xb, 0x30, 0x4, 0x8b, 0xde, 0xff, 0xff, 0xf4,

    /* U+9000 "退" */
    0x0, 0xb7, 0x0, 0xff, 0xff, 0xff, 0xfe, 0x0,
    0x0, 0x9c, 0x0, 0xe6, 0x11, 0x11, 0x5e, 0x0,
    0x0, 0x4f, 0x20, 0xe6, 0x11, 0x11, 0x5e, 0x0,
    0x0, 0xb, 0x20, 0xef, 0xff, 0xff, 0xfe, 0x0,
    0x0, 0x0, 0x0, 0xe5, 0x0, 0x0, 0x4e, 0x0,
    0x5, 0x44, 0x0, 0xec, 0xaa, 0xaa, 0xce, 0x0,
    0xe, 0xef, 0x0, 0xea, 0x77, 0x77, 0x78, 0x0,
    0x0, 0x4e, 0x0, 0xe5, 0x4a, 0x20, 0x3f, 0x60,
    0x0, 0x4e, 0x0, 0xe5, 0x1b, 0xf8, 0xe6, 0x0,
    0x0, 0x4e, 0x0, 0xe5, 0x25, 0x5e, 0xd3, 0x0,
    0x0, 0x4e, 0x1, 0xfd, 0xfa, 0x1, 0xbf, 0x80,
    0x0, 0x6f, 0x62, 0xf9, 0x20, 0x0, 0x7, 0x50,
    0x9, 0xfb, 0xde, 0xa6, 0x54, 0x45, 0x57, 0x86,
    0x1d, 0x40, 0x4, 0x9c, 0xdf, 0xff, 0xfe, 0xd5,
    0x0, 0x0, 0x0, 0x0, 0x0, 0x0, 0x0, 0x0,

    /* U+9009 "选" */
    0x0, 0x0, 0x0, 0x45, 0xb, 0xd0, 0x0, 0x0,
    0x0, 0xc9, 0x0, 0xb9, 0xb, 0xc0, 0x0, 0x0,
    0x0, 0x5f, 0x0, 0xfd, 0xce, 0xfc, 0xd9, 0x0,
    0x0, 0xc, 0x27, 0xd2, 0x2b, 0xd2, 0x22, 0x0,
    0x0, 0x0, 0x5, 0x60, 0xb, 0xc0, 0x0, 0x0,
    0x2, 0x11, 0x6, 0x66, 0x6c, 0xd6, 0x66, 0x50,
    0xf, 0xef, 0x28, 0xaa, 0xfb, 0xbf, 0xaa, 0x80,
    0x0, 0x1f, 0x20, 0x0, 0xf2, 0x4e, 0x0, 0x0,
    0x0, 0x1f, 0x20, 0x2, 0xf0, 0x4e, 0x0, 0x0,
    0x0, 0x1f, 0x20, 0x8, 0xa0, 0x4e, 0x4, 0x50,
    0x0, 0x1f, 0x20, 0x4f, 0x20, 0x4f, 0x4b, 0xf0,
    0x0, 0x1f, 0x32, 0xf5, 0x0, 0x1c, 0xff, 0x80,
    0x3, 0xd9, 0xbb, 0x85, 0x33, 0x22, 0x23, 0x42,
    0xa, 0x70, 0x2, 0x7a, 0xce, 0xef, 0xff, 0xe1,
    0x0, 0x0, 0x0, 0x0, 0x0, 0x0, 0x0, 0x0,

    /* U+91CC "里" */
    0x0, 0x4f, 0xff, 0xff, 0xff, 0xff, 0xf4, 0x0,
    0x4, 0xf1, 0x11, 0xe5, 0x11, 0x1f, 0x40, 0x0,
    0x3f, 0x0, 0xe, 0x50, 0x0, 0xf4, 0x0, 0x3,
    0xff, 0xff, 0xff, 0xff, 0xff, 0x40, 0x0, 0x3f,
    0x0, 0xe, 0x40, 0x0, 0xf4, 0x0, 0x4, 0xf1,
    0x11, 0xe5, 0x11, 0x1f, 0x40, 0x0, 0x4f, 0xff,
    0xff, 0xff, 0xff, 0xf4, 0x0, 0x0, 0x0, 0x0,
    0xe4, 0x0, 0x0, 0x0, 0x0, 0x45, 0x44, 0x4e,
    0x74, 0x44, 0x52, 0x0, 0xa, 0xcc, 0xcc, 0xfd,
    0xcc, 0xcc, 0x40, 0x0, 0x0, 0x0, 0xe, 0x40,
    0x0, 0x0, 0x0, 0x43, 0x33, 0x33, 0xe7, 0x33,
    0x33, 0x33, 0x2f, 0xee, 0xee, 0xee, 0xee, 0xee,
    0xee, 0xb0, 0x0, 0x0, 0x0, 0x0, 0x0, 0x0,
    0x0,

    /* U+91CD "重" */
    0x0, 0x0, 0x0, 0x0, 0x2, 0x47, 0x60, 0x0,
    0x9, 0xbc, 0xde, 0xff, 0xdc, 0xb9, 0x0, 0x0,
    0x23, 0x21, 0xe, 0x50, 0x0, 0x0, 0x3, 0xdc,
    0xcc, 0xcc, 0xfd, 0xcc, 0xcc, 0xca, 0x2, 0x22,
    0x22, 0x2e, 0x62, 0x22, 0x22, 0x20, 0x0, 0xcd,
    0xdd, 0xfe, 0xdd, 0xdd, 0x0, 0x0, 0xe, 0x62,
    0x2e, 0x62, 0x26, 0xe0, 0x0, 0x0, 0xde, 0xee,
    0xfe, 0xee, 0xee, 0x0, 0x0, 0xe, 0x72, 0x2e,
    0x72, 0x27, 0xe0, 0x0, 0x0, 0xef, 0xff, 0xff,
    0xff, 0xff, 0x0, 0x0, 0x0, 0x0, 0xe, 0x50,
    0x0, 0x0, 0x0, 0xd, 0xee, 0xee, 0xfe, 0xee,
    0xef, 0x80, 0x0, 0x0, 0x0, 0xe, 0x50, 0x0,
    0x0, 0x1, 0xff, 0xff, 0xff, 0xff, 0xff, 0xff,
    0xfb,

    /* U+91CF "量" */
    0x0, 0xf, 0xcc, 0xcc, 0xcc, 0xcc, 0xf0, 0x0,
    0x0, 0xfd, 0xdd, 0xdd, 0xdd, 0xdf, 0x0, 0x0,
    0xf, 0x64, 0x44, 0x44, 0x46, 0xf0, 0x0, 0x0,
    0x66, 0x66, 0x66, 0x66, 0x66, 0x0, 0x2f, 0xed,
    0xdd, 0xdd, 0xdd, 0xdd, 0xde, 0xf0, 0x0, 0x66,
    0x66, 0x66, 0x66, 0x66, 0x0, 0x0, 0x1f, 0x87,
    0x7c, 0xc7, 0x78, 0xf1, 0x0, 0x1, 0xfd, 0xdd,
    0xee, 0xdd, 0xdf, 0x10, 0x0, 0x1f, 0x65, 0x5b,
    0xb5, 0x56, 0xf1, 0x0, 0x0, 0x77, 0x77, 0xcc,
    0x77, 0x77, 0x0, 0x0, 0x7c, 0xcc, 0xce, 0xec,
    0xcc, 0xd5, 0x0, 0x1, 0x10, 0x0, 0x99, 0x0,
    0x1, 0x0, 0xb, 0xdd, 0xdd, 0xde, 0xed, 0xdd,
    0xdd, 0xb0,

    /* U+9519 "错" */
    0x0, 0xa, 0x30, 0x0, 0x94, 0x3, 0x90, 0x0,
    0x0, 0x4f, 0x40, 0x0, 0xd5, 0x4, 0xf0, 0x0,
    0x0, 0xdc, 0x33, 0x17, 0xe9, 0x69, 0xf7, 0x50,
    0x8, 0xfc, 0xca, 0x29, 0xeb, 0x9b, 0xf9, 0x70,
    0x4f, 0x51, 0x10, 0x0, 0xd5, 0x4, 0xf0, 0x0,
    0x3, 0xef, 0xe8, 0x7c, 0xfd, 0xcd, 0xfc, 0xc4,
    0x0, 0x1f, 0x20, 0x12, 0x22, 0x22, 0x22, 0x21,
    0x1, 0x1f, 0x21, 0x0, 0x0, 0x0, 0x0, 0x0,
    0xd, 0xef, 0xee, 0x3e, 0xee, 0xee, 0xef, 0x0,
    0x0, 0x1f, 0x20, 0xd, 0x40, 0x0, 0x3f, 0x0,
    0x0, 0x1f, 0x27, 0xd, 0xff, 0xff, 0xff, 0x0,
    0x0, 0x1f, 0x9e, 0x1d, 0x40, 0x0, 0x3f, 0x0,
    0x0, 0x3f, 0xc1, 0xd, 0x62, 0x22, 0x5f, 0x0,
    0x0, 0x4a, 0x0, 0xe, 0xdc, 0xcc, 0xdf, 0x0,
    0x0, 0x0, 0x0, 0xe, 0x40, 0x0, 0x0, 0x0,

    /* U+952E "键" */
    0x0, 0x87, 0x0, 0x0, 0x0, 0xb5, 0x0, 0x0,
    0x0, 0xe7, 0x5, 0x43, 0x26, 0xc8, 0x55, 0x0,
    0x6, 0xf8, 0x8c, 0xe9, 0x3a, 0xeb, 0xaf, 0x0,
    0x1e, 0x98, 0x70, 0xc4, 0x22, 0xc6, 0x3f, 0x20,
    0x89, 0x0, 0x1, 0xe1, 0xcc, 0xfd, 0xcf, 0xd0,
    0x6, 0xcc, 0xa7, 0x90, 0x1, 0xc5, 0x2f, 0x0,
    0x0, 0xb4, 0xf, 0xfe, 0x4e, 0xfe, 0xed, 0x0,
    0x0, 0xb5, 0x12, 0x3d, 0x0, 0xc5, 0x0, 0x0,
    0x1f, 0xfe, 0xb6, 0x4c, 0x8f, 0xff, 0xfe, 0x0,
    0x0, 0xb4, 0xe, 0x99, 0x0, 0xc5, 0x0, 0x0,
    0x0, 0xb4, 0x59, 0xf6, 0xde, 0xfe, 0xee, 0x10,
    0x0, 0xbe, 0xb2, 0xf5, 0x10, 0xc5, 0x1, 0x0,
    0x1, 0xfa, 0xa, 0xad, 0xb6, 0xd6, 0x22, 0x30,
    0x0, 0x50, 0x5c, 0x0, 0x59, 0xcd, 0xef, 0xc0,
    0x0, 0x0, 0x0, 0x0, 0x0, 0x0, 0x0, 0x0,

    /* U+957F "长" */
    0x0, 0x0, 0xe7, 0x0, 0x0, 0x96, 0x0, 0x0,
    0x0, 0xd, 0x60, 0x0, 0x5f, 0x80, 0x0, 0x0,
    0x0, 0xd6, 0x0, 0x4f, 0x80, 0x0, 0x0, 0x0,
    0xd, 0x60, 0x4f, 0x80, 0x0, 0x0, 0x0, 0x0,
    0xd6, 0x4f, 0x80, 0x0, 0x0, 0x0, 0x0, 0xd,
    0x60, 0x70, 0x0, 0x0, 0x0, 0x4f, 0xff, 0xff,
    0xff, 0xff, 0xff, 0xff, 0xb0, 0x22, 0x2d, 0x72,
    0x4f, 0x32, 0x22, 0x22, 0x0, 0x0, 0xd6, 0x0,
    0xd9, 0x0, 0x0, 0x0, 0x0, 0xd, 0x60, 0x4,
    0xf3, 0x0, 0x0, 0x0, 0x0, 0xd6, 0x5, 0xa,
    0xe3, 0x0, 0x0, 0x0, 0xd, 0x7a, 0xf7, 0xc,
    0xf6, 0x0, 0x0, 0x0, 0xff, 0xe4, 0x0, 0x9,
    0xfd, 0x30, 0x0, 0x2f, 0xa0, 0x0, 0x0, 0x4,
    0x90, 0x0, 0x0, 0x20, 0x0, 0x0, 0x0, 0x0,
    0x0,

    /* U+9664 "除" */
    0x0, 0x0, 0x0, 0x0, 0x0, 0x0, 0x0, 0x0,
    0x0, 0x0, 0x0, 0x9, 0xb0, 0x0, 0x0, 0xdf,
    0xff, 0xe0, 0x2, 0xfe, 0x10, 0x0, 0xd, 0x50,
    0xb9, 0x0, 0xba, 0x7c, 0x0, 0x0, 0xc5, 0xf,
    0x20, 0x8e, 0x10, 0xbc, 0x10, 0xc, 0x56, 0xc0,
    0x7f, 0x51, 0x12, 0xcf, 0x81, 0xc5, 0xd6, 0x6f,
    0xaf, 0xff, 0xfd, 0x8e, 0x1c, 0x57, 0xc0, 0x30,
    0x4, 0xd0, 0x0, 0x0, 0xc5, 0xd, 0x51, 0x21,
    0x5d, 0x11, 0x20, 0xc, 0x50, 0x89, 0x9e, 0xee,
    0xfe, 0xee, 0x40, 0xc5, 0xa, 0xa0, 0x0, 0x4d,
    0x0, 0x0, 0xc, 0x6e, 0xf4, 0x9, 0x64, 0xd1,
    0xb1, 0x0, 0xc5, 0x52, 0x5, 0xf3, 0x4d, 0xc,
    0xb0, 0xc, 0x50, 0x3, 0xf7, 0x4, 0xd0, 0x1e,
    0xa0, 0xc5, 0x0, 0x5a, 0x5, 0xbc, 0x0, 0x48,
    0xd, 0x50, 0x0, 0x0, 0x8e, 0x50, 0x0, 0x0,
    0x0, 0x0, 0x0, 0x0, 0x0, 0x0, 0x0, 0x0,

    /* U+97F3 "音" */
    0x0, 0x0, 0x1, 0xd4, 0x0, 0x0, 0x0, 0x2,
    0x11, 0x11, 0xd9, 0x11, 0x11, 0x20, 0x3e, 0xdd,
    0xdd, 0xdd, 0xdd, 0xdd, 0xd0, 0x0, 0x7, 0x70,
    0x0, 0x9, 0x50, 0x0, 0x0, 0x5, 0xf2, 0x0,
    0x1f, 0x40, 0x0, 0x43, 0x33, 0xe6, 0x33, 0x9d,
    0x33, 0x34, 0xbb, 0xbb, 0xbb, 0xbb, 0xbb, 0xbb,
    0xbc, 0x0, 0x0, 0x0, 0x0, 0x0, 0x0, 0x0,
    0x0, 0xbf, 0xff, 0xff, 0xff, 0xfb, 0x0, 0x0,
    0xb9, 0x0, 0x0, 0x0, 0xab, 0x0, 0x0, 0xbf,
    0xff, 0xff, 0xff, 0xfb, 0x0, 0x0, 0xb9, 0x0,
    0x0, 0x0, 0xab, 0x0, 0x0, 0xb9, 0x11, 0x11,
    0x11, 0xab, 0x0, 0x0, 0xbe, 0xdd, 0xdd, 0xdd,
    0xfb, 0x0, 0x0, 0xb9, 0x0, 0x0, 0x0, 0xab,
    0x0, 0x0, 0x0, 0x0, 0x0, 0x0, 0x0, 0x0,

    /* U+98CE "风" */
    0x0, 0x3f, 0xff, 0xff, 0xff, 0xff, 0xe0, 0x0,
    0x0, 0x3e, 0x22, 0x22, 0x22, 0x26, 0xd0, 0x0,
    0x0, 0x3e, 0x0, 0x0, 0x2, 0x5, 0xd0, 0x0,
    0x0, 0x3e, 0xb, 0x20, 0xc, 0x85, 0xd0, 0x0,
    0x0, 0x3e, 0x8, 0xd0, 0x2f, 0x15, 0xd0, 0x0,
    0x0, 0x3e, 0x0, 0xba, 0x89, 0x4, 0xd0, 0x0,
    0x0, 0x4d, 0x0, 0x1e, 0xf2, 0x4, 0xd0, 0x0,
    0x0, 0x5c, 0x0, 0xa, 0xf1, 0x4, 0xe0, 0x0,
    0x0, 0x7a, 0x0, 0x5e, 0xba, 0x3, 0xf0, 0x0,
    0x0, 0xa8, 0x4, 0xf4, 0x2f, 0x31, 0xf1, 0x0,
    0x0, 0xe4, 0x6f, 0x50, 0x9, 0xc0, 0xe5, 0x30,
    0x4, 0xf0, 0x35, 0x0, 0x1, 0x60, 0xaa, 0xc8,
    0xc, 0x90, 0x0, 0x0, 0x0, 0x0, 0x4f, 0xf4,
    0xb, 0x10, 0x0, 0x0, 0x0, 0x0, 0x8, 0x90,
    0x0, 0x0, 0x0, 0x0, 0x0, 0x0, 0x0, 0x0,

    /* U+9AA4 "骤" */
    0x0, 0x0, 0x0, 0x0, 0x0, 0x0, 0x0, 0x0,
    0xd, 0xdd, 0xd7, 0xef, 0xee, 0xfe, 0xdb, 0xb3,
    0x1, 0x0, 0xf1, 0x1f, 0x89, 0xe0, 0x33, 0xf1,
    0xa, 0x80, 0xf0, 0x1f, 0x56, 0xe5, 0xb5, 0xc0,
    0xb, 0x62, 0xe0, 0x1f, 0xab, 0xe0, 0x8f, 0x50,
    0xc, 0x43, 0xd0, 0x1e, 0x26, 0xf4, 0x7f, 0xc0,
    0xd, 0x34, 0xc1, 0x9f, 0xed, 0xf8, 0xe2, 0xd5,
    0xd, 0xcc, 0xe6, 0x52, 0x1, 0x93, 0x64, 0x10,
    0x3, 0x33, 0xa7, 0x3c, 0xdd, 0xee, 0x76, 0x10,
    0x0, 0x14, 0x86, 0x5, 0x40, 0x7e, 0xa, 0xa0,
    0x2a, 0xf8, 0x96, 0xb, 0xa4, 0xaf, 0xdc, 0x10,
    0x1b, 0x30, 0x97, 0xdb, 0x2e, 0xda, 0xe7, 0x0,
    0x0, 0x0, 0xb5, 0x81, 0xc8, 0x79, 0x3f, 0xa1,
    0x0, 0x3c, 0xf2, 0x3d, 0x90, 0x79, 0x3, 0xb0,
    0x0, 0x9, 0x40, 0xc9, 0x0, 0x7a, 0x0, 0x0,
    0x0, 0x0, 0x0, 0x0, 0x0, 0x0, 0x0, 0x0,

    /* U+9EA6 "麦" */
    0x0, 0x0, 0x0, 0xf, 0x50, 0x0, 0x0, 0x0,
    0x6, 0xcb, 0xbb, 0xbf, 0xcb, 0xbb, 0xbc, 0x10,
    0x2, 0x32, 0x22, 0x2e, 0x62, 0x22, 0x34, 0x0,
    0x0, 0x0, 0x0, 0xe, 0x40, 0x0, 0x0, 0x0,
    0x0, 0xae, 0xee, 0xef, 0xee, 0xee, 0xe8, 0x0,
    0x0, 0x0, 0x0, 0xe, 0x40, 0x0, 0x0, 0x0,
    0x6c, 0xcc, 0xcc, 0xcf, 0xdc, 0xcc, 0xcc, 0xc2,
    0x1, 0x0, 0x3, 0xf6, 0x0, 0x0, 0x0, 0x10,
    0x0, 0x0, 0x2e, 0xff, 0xff, 0xfd, 0x10, 0x0,
    0x0, 0x7, 0xff, 0x70, 0x2, 0xf5, 0x0, 0x0,
    0x1, 0xee, 0x53, 0xf5, 0x1d, 0x90, 0x0, 0x0,
    0x0, 0x30, 0x0, 0x5f, 0xea, 0x0, 0x0, 0x0,
    0x0, 0x0, 0x27, 0xed, 0xce, 0x84, 0x21, 0x10,
    0x5, 0xdf, 0xe9, 0x40, 0x5, 0xbf, 0xff, 0xb0,
    0x1, 0x62, 0x0, 0x0, 0x0, 0x0, 0x13, 0x20,

    /* U+FF01 "！" */
    0x7, 0x50, 0xfb, 0xf, 0xa0, 0xf9, 0xe, 0x80,
    0xd7, 0xc, 0x60, 0xb5, 0x0, 0x0, 0x0, 0x1e,
    0x91, 0xfb,

    /* U+FF05 "％" */
    0x0, 0x10, 0x0, 0x0, 0x0, 0x0, 0x2, 0xdc,
    0xc1, 0x0, 0x0, 0x6, 0xb0, 0xb6, 0x8, 0x90,
    0x0, 0x7, 0xe3, 0xf, 0x20, 0x4c, 0x0, 0x7,
    0xe2, 0x0, 0xe3, 0x6, 0xb0, 0x8, 0xe2, 0x0,
    0x9, 0xc5, 0xd5, 0x8, 0xd2, 0x0, 0x0, 0x7,
    0xa5, 0x9, 0xd1, 0x26, 0x40, 0x0, 0x0, 0xa,
    0xd1, 0x4e, 0x7c, 0x70, 0x0, 0xa, 0xc1, 0xb,
    0x70, 0x3e, 0x0, 0xb, 0xc0, 0x0, 0xc5, 0x2,
    0xe0, 0xb, 0xb0, 0x0, 0xa, 0x90, 0x6c, 0x8,
    0xb0, 0x0, 0x0, 0x2e, 0xce, 0x30, 0x0, 0x0,
    0x0, 0x0, 0x3, 0x0, 0x0,

    /* U+FF08 "（" */
    0x0, 0x0, 0x70, 0x0, 0xb, 0xb0, 0x0, 0x9a,
    0x0, 0x4, 0xd0, 0x0, 0xb, 0x60, 0x0, 0xf,
    0x0, 0x0, 0x2e, 0x0, 0x0, 0x1e, 0x0, 0x0,
    0xf, 0x0, 0x0, 0xb, 0x60, 0x0, 0x4, 0xd0,
    0x0, 0x0, 0xaa, 0x0, 0x0, 0xc, 0xb0, 0x0,
    0x0, 0x60,

    /* U+FF09 "）" */
    0x7, 0x0, 0x0, 0xa, 0xc0, 0x0, 0x0, 0xaa,
    0x0, 0x0, 0xd, 0x40, 0x0, 0x5, 0xc0, 0x0,
    0x0, 0xf0, 0x0, 0x0, 0xd3, 0x0, 0x0, 0xd2,
    0x0, 0x0, 0xf1, 0x0, 0x5, 0xc0, 0x0, 0xd,
    0x50, 0x0, 0xab, 0x0, 0xa, 0xc1, 0x0, 0x6,
    0x0, 0x0,

    /* U+FF0D "－" */
    0x44, 0x44, 0x44, 0x44, 0x44, 0x44, 0xab, 0xbb,
    0xbb, 0xbb, 0xbb, 0xba,

    /* U+FF0F "／" */
    0x0, 0x0, 0x0, 0x10, 0x0, 0x0, 0x0, 0xd3,
    0x0, 0x0, 0x4, 0xc0, 0x0, 0x0, 0xb, 0x50,
    0x0, 0x0, 0x2d, 0x0, 0x0, 0x0, 0x96, 0x0,
    0x0, 0x1, 0xe0, 0x0, 0x0, 0x7, 0x80, 0x0,
    0x0, 0xe, 0x10, 0x0, 0x0, 0x69, 0x0, 0x0,
    0x0, 0xd2, 0x0, 0x0, 0x4, 0xb0, 0x0, 0x0,
    0xb, 0x40, 0x0, 0x0, 0xa, 0x0, 0x0, 0x0,

    /* U+FF1A "：" */
    0x11, 0xf, 0xf1, 0xff, 0x10, 0x0, 0x11, 0xf,
    0xf1, 0xff, 0x10,

    /* U+FF1F "？" */
    0x1, 0x67, 0x10, 0x2, 0xfc, 0xce, 0x10, 0x9a,
    0x0, 0xc8, 0x6, 0x50, 0xa, 0x80, 0x0, 0x1,
    0xf4, 0x0, 0x0, 0xda, 0x0, 0x0, 0x8c, 0x0,
    0x0, 0xe, 0x40, 0x0, 0x0, 0xe1, 0x0, 0x0,
    0x0, 0x0, 0x0, 0x4, 0xd5, 0x0, 0x0, 0x5f,
    0x60, 0x0,

    /* U+FF3B "［" */
    0x5f, 0xff, 0xfc, 0x5e, 0x0, 0x0, 0x5e, 0x0,
    0x0, 0x5e, 0x0, 0x0, 0x5e, 0x0, 0x0, 0x5e,
    0x0, 0x0, 0x5e, 0x0, 0x0, 0x5e, 0x0, 0x0,
    0x5e, 0x0, 0x0, 0x5e, 0x0, 0x0, 0x5e, 0x0,
    0x0, 0x5e, 0x0, 0x0, 0x5e, 0x0, 0x0, 0x5f,
    0xff, 0xfc,

    /* U+FF3D "］" */
    0xdf, 0xff, 0xf4, 0x1, 0x11, 0xf4, 0x0, 0x0,
    0xf4, 0x0, 0x0, 0xf4, 0x0, 0x0, 0xf4, 0x0,
    0x0, 0xf4, 0x0, 0x0, 0xf4, 0x0, 0x0, 0xf4,
    0x0, 0x0, 0xf4, 0x0, 0x0, 0xf4, 0x0, 0x0,
    0xf4, 0x0, 0x0, 0xf4, 0x0, 0x0, 0xf4, 0x1,
    0x11, 0xf4, 0xdf, 0xff, 0xf4
};


/*---------------------
 *  GLYPH DESCRIPTION
 *--------------------*/

static const lv_font_fmt_txt_glyph_dsc_t glyph_dsc[] = {
    {.bitmap_index = 0, .adv_w = 0, .box_w = 0, .box_h = 0, .ofs_x = 0, .ofs_y = 0} /* id = 0 reserved */,
    {.bitmap_index = 0, .adv_w = 128, .box_w = 0, .box_h = 0, .ofs_x = 0, .ofs_y = 0},
    {.bitmap_index = 0, .adv_w = 128, .box_w = 2, .box_h = 12, .ofs_x = 3, .ofs_y = 0},
    {.bitmap_index = 12, .adv_w = 128, .box_w = 4, .box_h = 4, .ofs_x = 2, .ofs_y = 8},
    {.bitmap_index = 20, .adv_w = 128, .box_w = 8, .box_h = 12, .ofs_x = 0, .ofs_y = 0},
    {.bitmap_index = 68, .adv_w = 128, .box_w = 7, .box_h = 15, .ofs_x = 0, .ofs_y = -2},
    {.bitmap_index = 121, .adv_w = 128, .box_w = 8, .box_h = 12, .ofs_x = 0, .ofs_y = 0},
    {.bitmap_index = 169, .adv_w = 128, .box_w = 8, .box_h = 12, .ofs_x = 0, .ofs_y = 0},
    {.bitmap_index = 217, .adv_w = 128, .box_w = 3, .box_h = 4, .ofs_x = 2, .ofs_y = 8},
    {.bitmap_index = 223, .adv_w = 128, .box_w = 5, .box_h = 16, .ofs_x = 3, .ofs_y = -2},
    {.bitmap_index = 263, .adv_w = 128, .box_w = 5, .box_h = 16, .ofs_x = 0, .ofs_y = -2},
    {.bitmap_index = 303, .adv_w = 128, .box_w = 8, .box_h = 9, .ofs_x = 0, .ofs_y = 3},
    {.bitmap_index = 339, .adv_w = 128, .box_w = 8, .box_h = 8, .ofs_x = 0, .ofs_y = 2},
    {.bitmap_index = 371, .adv_w = 128, .box_w = 2, .box_h = 4, .ofs_x = 1, .ofs_y = -2},
    {.bitmap_index = 375, .adv_w = 128, .box_w = 8, .box_h = 2, .ofs_x = 0, .ofs_y = 5},
    {.bitmap_index = 383, .adv_w = 128, .box_w = 2, .box_h = 2, .ofs_x = 1, .ofs_y = 0},
    {.bitmap_index = 385, .adv_w = 128, .box_w = 8, .box_h = 14, .ofs_x = 0, .ofs_y = -1},
    {.bitmap_index = 441, .adv_w = 128, .box_w = 8, .box_h = 13, .ofs_x = 0, .ofs_y = -1},
    {.bitmap_index = 493, .adv_w = 128, .box_w = 4, .box_h = 12, .ofs_x = 1, .ofs_y = 0},
    {.bitmap_index = 517, .adv_w = 128, .box_w = 8, .box_h = 13, .ofs_x = 0, .ofs_y = 0},
    {.bitmap_index = 569, .adv_w = 128, .box_w = 8, .box_h = 12, .ofs_x = 0, .ofs_y = 0},
    {.bitmap_index = 617, .adv_w = 128, .box_w = 8, .box_h = 12, .ofs_x = 0, .ofs_y = 0},
    {.bitmap_index = 665, .adv_w = 128, .box_w = 8, .box_h = 12, .ofs_x = 0, .ofs_y = 0},
    {.bitmap_index = 713, .adv_w = 128, .box_w = 8, .box_h = 12, .ofs_x = 0, .ofs_y = 0},
    {.bitmap_index = 761, .adv_w = 128, .box_w = 8, .box_h = 12, .ofs_x = 0, .ofs_y = 0},
    {.bitmap_index = 809, .adv_w = 128, .box_w = 8, .box_h = 12, .ofs_x = 0, .ofs_y = 0},
    {.bitmap_index = 857, .adv_w = 128, .box_w = 8, .box_h = 12, .ofs_x = 0, .ofs_y = 0},
    {.bitmap_index = 905, .adv_w = 128, .box_w = 2, .box_h = 8, .ofs_x = 3, .ofs_y = 0},
    {.bitmap_index = 913, .adv_w = 128, .box_w = 2, .box_h = 10, .ofs_x = 3, .ofs_y = -2},
    {.bitmap_index = 923, .adv_w = 128, .box_w = 8, .box_h = 14, .ofs_x = 0, .ofs_y = -1},
    {.bitmap_index = 979, .adv_w = 128, .box_w = 8, .box_h = 6, .ofs_x = 0, .ofs_y = 3},
    {.bitmap_index = 1003, .adv_w = 128, .box_w = 8, .box_h = 14, .ofs_x = 0, .ofs_y = -1},
    {.bitmap_index = 1059, .adv_w = 128, .box_w = 7, .box_h = 12, .ofs_x = 0, .ofs_y = 0},
    {.bitmap_index = 1101, .adv_w = 128, .box_w = 8, .box_h = 12, .ofs_x = 0, .ofs_y = 0},
    {.bitmap_index = 1149, .adv_w = 128, .box_w = 8, .box_h = 12, .ofs_x = 0, .ofs_y = 0},
    {.bitmap_index = 1197, .adv_w = 128, .box_w = 8, .box_h = 12, .ofs_x = 0, .ofs_y = 0},
    {.bitmap_index = 1245, .adv_w = 128, .box_w = 8, .box_h = 12, .ofs_x = 0, .ofs_y = 0},
    {.bitmap_index = 1293, .adv_w = 128, .box_w = 8, .box_h = 12, .ofs_x = 0, .ofs_y = 0},
    {.bitmap_index = 1341, .adv_w = 128, .box_w = 8, .box_h = 12, .ofs_x = 0, .ofs_y = 0},
    {.bitmap_index = 1389, .adv_w = 128, .box_w = 8, .box_h = 12, .ofs_x = 0, .ofs_y = 0},
    {.bitmap_index = 1437, .adv_w = 128, .box_w = 8, .box_h = 12, .ofs_x = 0, .ofs_y = 0},
    {.bitmap_index = 1485, .adv_w = 128, .box_w = 8, .box_h = 12, .ofs_x = 0, .ofs_y = 0},
    {.bitmap_index = 1533, .adv_w = 128, .box_w = 2, .box_h = 12, .ofs_x = 3, .ofs_y = 0},
    {.bitmap_index = 1545, .adv_w = 128, .box_w = 7, .box_h = 12, .ofs_x = 0, .ofs_y = 0},
    {.bitmap_index = 1587, .adv_w = 128, .box_w = 8, .box_h = 12, .ofs_x = 0, .ofs_y = 0},
    {.bitmap_index = 1635, .adv_w = 128, .box_w = 8, .box_h = 12, .ofs_x = 0, .ofs_y = 0},
    {.bitmap_index = 1683, .adv_w = 128, .box_w = 8, .box_h = 12, .ofs_x = 0, .ofs_y = 0},
    {.bitmap_index = 1731, .adv_w = 128, .box_w = 8, .box_h = 12, .ofs_x = 0, .ofs_y = 0},
    {.bitmap_index = 1779, .adv_w = 128, .box_w = 8, .box_h = 12, .ofs_x = 0, .ofs_y = 0},
    {.bitmap_index = 1827, .adv_w = 128, .box_w = 8, .box_h = 12, .ofs_x = 0, .ofs_y = 0},
    {.bitmap_index = 1875, .adv_w = 128, .box_w = 8, .box_h = 13, .ofs_x = 0, .ofs_y = -1},
    {.bitmap_index = 1927, .adv_w = 128, .box_w = 8, .box_h = 12, .ofs_x = 0, .ofs_y = 0},
    {.bitmap_index = 1975, .adv_w = 128, .box_w = 8, .box_h = 12, .ofs_x = 0, .ofs_y = 0},
    {.bitmap_index = 2023, .adv_w = 128, .box_w = 8, .box_h = 12, .ofs_x = 0, .ofs_y = 0},
    {.bitmap_index = 2071, .adv_w = 128, .box_w = 8, .box_h = 12, .ofs_x = 0, .ofs_y = 0},
    {.bitmap_index = 2119, .adv_w = 128, .box_w = 8, .box_h = 12, .ofs_x = 0, .ofs_y = 0},
    {.bitmap_index = 2167, .adv_w = 128, .box_w = 8, .box_h = 12, .ofs_x = 0, .ofs_y = 0},
    {.bitmap_index = 2215, .adv_w = 128, .box_w = 8, .box_h = 12, .ofs_x = 0, .ofs_y = 0},
    {.bitmap_index = 2263, .adv_w = 128, .box_w = 8, .box_h = 12, .ofs_x = 0, .ofs_y = 0},
    {.bitmap_index = 2311, .adv_w = 128, .box_w = 8, .box_h = 12, .ofs_x = 0, .ofs_y = 0},
    {.bitmap_index = 2359, .adv_w = 128, .box_w = 5, .box_h = 16, .ofs_x = 3, .ofs_y = -2},
    {.bitmap_index = 2399, .adv_w = 128, .box_w = 8, .box_h = 14, .ofs_x = 0, .ofs_y = -2},
    {.bitmap_index = 2455, .adv_w = 128, .box_w = 5, .box_h = 16, .ofs_x = 0, .ofs_y = -2},
    {.bitmap_index = 2495, .adv_w = 128, .box_w = 7, .box_h = 3, .ofs_x = 0, .ofs_y = 11},
    {.bitmap_index = 2506, .adv_w = 128, .box_w = 8, .box_h = 1, .ofs_x = 0, .ofs_y = -2},
    {.bitmap_index = 2510, .adv_w = 128, .box_w = 4, .box_h = 3, .ofs_x = 2, .ofs_y = 11},
    {.bitmap_index = 2516, .adv_w = 128, .box_w = 8, .box_h = 8, .ofs_x = 0, .ofs_y = 0},
    {.bitmap_index = 2548, .adv_w = 128, .box_w = 8, .box_h = 12, .ofs_x = 0, .ofs_y = 0},
    {.bitmap_index = 2596, .adv_w = 128, .box_w = 8, .box_h = 8, .ofs_x = 0, .ofs_y = 0},
    {.bitmap_index = 2628, .adv_w = 128, .box_w = 7, .box_h = 12, .ofs_x = 0, .ofs_y = 0},
    {.bitmap_index = 2670, .adv_w = 128, .box_w = 8, .box_h = 8, .ofs_x = 0, .ofs_y = 0},
    {.bitmap_index = 2702, .adv_w = 128, .box_w = 8, .box_h = 12, .ofs_x = 0, .ofs_y = 0},
    {.bitmap_index = 2750, .adv_w = 128, .box_w = 8, .box_h = 11, .ofs_x = 0, .ofs_y = -2},
    {.bitmap_index = 2794, .adv_w = 128, .box_w = 7, .box_h = 12, .ofs_x = 0, .ofs_y = 0},
    {.bitmap_index = 2836, .adv_w = 128, .box_w = 2, .box_h = 12, .ofs_x = 3, .ofs_y = 0},
    {.bitmap_index = 2848, .adv_w = 128, .box_w = 5, .box_h = 14, .ofs_x = 1, .ofs_y = -2},
    {.bitmap_index = 2883, .adv_w = 128, .box_w = 8, .box_h = 12, .ofs_x = 0, .ofs_y = 0},
    {.bitmap_index = 2931, .adv_w = 128, .box_w = 2, .box_h = 12, .ofs_x = 3, .ofs_y = 0},
    {.bitmap_index = 2943, .adv_w = 128, .box_w = 8, .box_h = 8, .ofs_x = 0, .ofs_y = 0},
    {.bitmap_index = 2975, .adv_w = 128, .box_w = 7, .box_h = 8, .ofs_x = 0, .ofs_y = 0},
    {.bitmap_index = 3003, .adv_w = 128, .box_w = 8, .box_h = 8, .ofs_x = 0, .ofs_y = 0},
    {.bitmap_index = 3035, .adv_w = 128, .box_w = 8, .box_h = 10, .ofs_x = 0, .ofs_y = -2},
    {.bitmap_index = 3075, .adv_w = 128, .box_w = 7, .box_h = 10, .ofs_x = 0, .ofs_y = -2},
    {.bitmap_index = 3110, .adv_w = 128, .box_w = 6, .box_h = 8, .ofs_x = 1, .ofs_y = 0},
    {.bitmap_index = 3134, .adv_w = 128, .box_w = 6, .box_h = 8, .ofs_x = 1, .ofs_y = 0},
    {.bitmap_index = 3158, .adv_w = 128, .box_w = 7, .box_h = 11, .ofs_x = 0, .ofs_y = 0},
    {.bitmap_index = 3197, .adv_w = 128, .box_w = 7, .box_h = 8, .ofs_x = 0, .ofs_y = 0},
    {.bitmap_index = 3225, .adv_w = 128, .box_w = 8, .box_h = 8, .ofs_x = 0, .ofs_y = 0},
    {.bitmap_index = 3257, .adv_w = 128, .box_w = 8, .box_h = 8, .ofs_x = 0, .ofs_y = 0},
    {.bitmap_index = 3289, .adv_w = 128, .box_w = 8, .box_h = 8, .ofs_x = 0, .ofs_y = 0},
    {.bitmap_index = 3321, .adv_w = 128, .box_w = 8, .box_h = 10, .ofs_x = 0, .ofs_y = -2},
    {.bitmap_index = 3361, .adv_w = 128, .box_w = 7, .box_h = 8, .ofs_x = 0, .ofs_y = 0},
    {.bitmap_index = 3389, .adv_w = 128, .box_w = 4, .box_h = 15, .ofs_x = 3, .ofs_y = -2},
    {.bitmap_index = 3419, .adv_w = 128, .box_w = 2, .box_h = 17, .ofs_x = 3, .ofs_y = -2},
    {.bitmap_index = 3436, .adv_w = 128, .box_w = 5, .box_h = 15, .ofs_x = 0, .ofs_y = -2},
    {.bitmap_index = 3474, .adv_w = 128, .box_w = 8, .box_h = 5, .ofs_x = 0, .ofs_y = 11},
    {.bitmap_index = 3494, .adv_w = 256, .box_w = 4, .box_h = 6, .ofs_x = 2, .ofs_y = -1},
    {.bitmap_index = 3506, .adv_w = 256, .box_w = 4, .box_h = 5, .ofs_x = 2, .ofs_y = -1},
    {.bitmap_index = 3516, .adv_w = 256, .box_w = 16, .box_h = 2, .ofs_x = 0, .ofs_y = 5},
    {.bitmap_index = 3532, .adv_w = 256, .box_w = 16, .box_h = 14, .ofs_x = 0, .ofs_y = -1},
    {.bitmap_index = 3644, .adv_w = 256, .box_w = 14, .box_h = 14, .ofs_x = 1, .ofs_y = -1},
    {.bitmap_index = 3742, .adv_w = 256, .box_w = 13, .box_h = 15, .ofs_x = 1, .ofs_y = -2},
    {.bitmap_index = 3840, .adv_w = 256, .box_w = 15, .box_h = 15, .ofs_x = 0, .ofs_y = -1},
    {.bitmap_index = 3953, .adv_w = 256, .box_w = 14, .box_h = 15, .ofs_x = 1, .ofs_y = -2},
    {.bitmap_index = 4058, .adv_w = 256, .box_w = 14, .box_h = 15, .ofs_x = 1, .ofs_y = -2},
    {.bitmap_index = 4163, .adv_w = 256, .box_w = 16, .box_h = 16, .ofs_x = 0, .ofs_y = -2},
    {.bitmap_index = 4291, .adv_w = 256, .box_w = 15, .box_h = 16, .ofs_x = 0, .ofs_y = -2},
    {.bitmap_index = 4411, .adv_w = 256, .box_w = 16, .box_h = 16, .ofs_x = 0, .ofs_y = -2},
    {.bitmap_index = 4539, .adv_w = 256, .box_w = 16, .box_h = 14, .ofs_x = 0, .ofs_y = -1},
    {.bitmap_index = 4651, .adv_w = 256, .box_w = 16, .box_h = 16, .ofs_x = 0, .ofs_y = -2},
    {.bitmap_index = 4779, .adv_w = 256, .box_w = 16, .box_h = 15, .ofs_x = 0, .ofs_y = -2},
    {.bitmap_index = 4899, .adv_w = 256, .box_w = 16, .box_h = 16, .ofs_x = 0, .ofs_y = -2},
    {.bitmap_index = 5027, .adv_w = 256, .box_w = 14, .box_h = 15, .ofs_x = 1, .ofs_y = -2},
    {.bitmap_index = 5132, .adv_w = 256, .box_w = 16, .box_h = 15, .ofs_x = 0, .ofs_y = -2},
    {.bitmap_index = 5252, .adv_w = 256, .box_w = 15, .box_h = 14, .ofs_x = 0, .ofs_y = -1},
    {.bitmap_index = 5357, .adv_w = 256, .box_w = 16, .box_h = 15, .ofs_x = 0, .ofs_y = -2},
    {.bitmap_index = 5477, .adv_w = 256, .box_w = 13, .box_h = 15, .ofs_x = 1, .ofs_y = -2},
    {.bitmap_index = 5575, .adv_w = 256, .box_w = 16, .box_h = 14, .ofs_x = 0, .ofs_y = -1},
    {.bitmap_index = 5687, .adv_w = 256, .box_w = 15, .box_h = 16, .ofs_x = 0, .ofs_y = -2},
    {.bitmap_index = 5807, .adv_w = 256, .box_w = 15, .box_h = 15, .ofs_x = 0, .ofs_y = -2},
    {.bitmap_index = 5920, .adv_w = 256, .box_w = 15, .box_h = 15, .ofs_x = 0, .ofs_y = -2},
    {.bitmap_index = 6033, .adv_w = 256, .box_w = 16, .box_h = 15, .ofs_x = 0, .ofs_y = -2},
    {.bitmap_index = 6153, .adv_w = 256, .box_w = 15, .box_h = 15, .ofs_x = 0, .ofs_y = -2},
    {.bitmap_index = 6266, .adv_w = 256, .box_w = 15, .box_h = 16, .ofs_x = 0, .ofs_y = -2},
    {.bitmap_index = 6386, .adv_w = 256, .box_w = 15, .box_h = 15, .ofs_x = 0, .ofs_y = -2},
    {.bitmap_index = 6499, .adv_w = 256, .box_w = 16, .box_h = 15, .ofs_x = 0, .ofs_y = -2},
    {.bitmap_index = 6619, .adv_w = 256, .box_w = 12, .box_h = 12, .ofs_x = 2, .ofs_y = -1},
    {.bitmap_index = 6691, .adv_w = 256, .box_w = 16, .box_h = 16, .ofs_x = 0, .ofs_y = -2},
    {.bitmap_index = 6819, .adv_w = 256, .box_w = 16, .box_h = 15, .ofs_x = 0, .ofs_y = -3},
    {.bitmap_index = 6939, .adv_w = 256, .box_w = 16, .box_h = 15, .ofs_x = 0, .ofs_y = -2},
    {.bitmap_index = 7059, .adv_w = 256, .box_w = 15, .box_h = 14, .ofs_x = 0, .ofs_y = -2},
    {.bitmap_index = 7164, .adv_w = 256, .box_w = 14, .box_h = 15, .ofs_x = 1, .ofs_y = -1},
    {.bitmap_index = 7269, .adv_w = 256, .box_w = 16, .box_h = 14, .ofs_x = 0, .ofs_y = -2},
    {.bitmap_index = 7381, .adv_w = 256, .box_w = 14, .box_h = 14, .ofs_x = 1, .ofs_y = -2},
    {.bitmap_index = 7479, .adv_w = 256, .box_w = 16, .box_h = 15, .ofs_x = 0, .ofs_y = -2},
    {.bitmap_index = 7599, .adv_w = 256, .box_w = 16, .box_h = 14, .ofs_x = 0, .ofs_y = -1},
    {.bitmap_index = 7711, .adv_w = 256, .box_w = 16, .box_h = 15, .ofs_x = 0, .ofs_y = -2},
    {.bitmap_index = 7831, .adv_w = 256, .box_w = 15, .box_h = 16, .ofs_x = 0, .ofs_y = -2},
    {.bitmap_index = 7951, .adv_w = 256, .box_w = 16, .box_h = 15, .ofs_x = 0, .ofs_y = -2},
    {.bitmap_index = 8071, .adv_w = 256, .box_w = 16, .box_h = 15, .ofs_x = 0, .ofs_y = -2},
    {.bitmap_index = 8191, .adv_w = 256, .box_w = 16, .box_h = 17, .ofs_x = 0, .ofs_y = -3},
    {.bitmap_index = 8327, .adv_w = 256, .box_w = 16, .box_h = 16, .ofs_x = 0, .ofs_y = -2},
    {.bitmap_index = 8455, .adv_w = 256, .box_w = 16, .box_h = 16, .ofs_x = 0, .ofs_y = -2},
    {.bitmap_index = 8583, .adv_w = 256, .box_w = 16, .box_h = 16, .ofs_x = 0, .ofs_y = -2},
    {.bitmap_index = 8711, .adv_w = 256, .box_w = 16, .box_h = 15, .ofs_x = 0, .ofs_y = -2},
    {.bitmap_index = 8831, .adv_w = 256, .box_w = 14, .box_h = 14, .ofs_x = 1, .ofs_y = -1},
    {.bitmap_index = 8929, .adv_w = 256, .box_w = 15, .box_h = 16, .ofs_x = 0, .ofs_y = -2},
    {.bitmap_index = 9049, .adv_w = 256, .box_w = 16, .box_h = 15, .ofs_x = 0, .ofs_y = -2},
    {.bitmap_index = 9169, .adv_w = 256, .box_w = 16, .box_h = 14, .ofs_x = 0, .ofs_y = -1},
    {.bitmap_index = 9281, .adv_w = 256, .box_w = 14, .box_h = 15, .ofs_x = 1, .ofs_y = -2},
    {.bitmap_index = 9386, .adv_w = 256, .box_w = 16, .box_h = 15, .ofs_x = 0, .ofs_y = -2},
    {.bitmap_index = 9506, .adv_w = 256, .box_w = 16, .box_h = 15, .ofs_x = 0, .ofs_y = -2},
    {.bitmap_index = 9626, .adv_w = 256, .box_w = 16, .box_h = 16, .ofs_x = 0, .ofs_y = -2},
    {.bitmap_index = 9754, .adv_w = 256, .box_w = 16, .box_h = 14, .ofs_x = 0, .ofs_y = -1},
    {.bitmap_index = 9866, .adv_w = 256, .box_w = 16, .box_h = 16, .ofs_x = 0, .ofs_y = -2},
    {.bitmap_index = 9994, .adv_w = 256, .box_w = 16, .box_h = 16, .ofs_x = 0, .ofs_y = -2},
    {.bitmap_index = 10122, .adv_w = 256, .box_w = 15, .box_h = 16, .ofs_x = 0, .ofs_y = -2},
    {.bitmap_index = 10242, .adv_w = 256, .box_w = 16, .box_h = 15, .ofs_x = 0, .ofs_y = -2},
    {.bitmap_index = 10362, .adv_w = 256, .box_w = 16, .box_h = 15, .ofs_x = 0, .ofs_y = -2},
    {.bitmap_index = 10482, .adv_w = 256, .box_w = 16, .box_h = 16, .ofs_x = 0, .ofs_y = -2},
    {.bitmap_index = 10610, .adv_w = 256, .box_w = 16, .box_h = 16, .ofs_x = 0, .ofs_y = -2},
    {.bitmap_index = 10738, .adv_w = 256, .box_w = 16, .box_h = 15, .ofs_x = 0, .ofs_y = -2},
    {.bitmap_index = 10858, .adv_w = 256, .box_w = 16, .box_h = 15, .ofs_x = 0, .ofs_y = -2},
    {.bitmap_index = 10978, .adv_w = 256, .box_w = 16, .box_h = 16, .ofs_x = 0, .ofs_y = -2},
    {.bitmap_index = 11106, .adv_w = 256, .box_w = 15, .box_h = 15, .ofs_x = 1, .ofs_y = -2},
    {.bitmap_index = 11219, .adv_w = 256, .box_w = 16, .box_h = 15, .ofs_x = 0, .ofs_y = -2},
    {.bitmap_index = 11339, .adv_w = 256, .box_w = 15, .box_h = 15, .ofs_x = 1, .ofs_y = -2},
    {.bitmap_index = 11452, .adv_w = 256, .box_w = 14, .box_h = 15, .ofs_x = 1, .ofs_y = -1},
    {.bitmap_index = 11557, .adv_w = 256, .box_w = 15, .box_h = 14, .ofs_x = 1, .ofs_y = -2},
    {.bitmap_index = 11662, .adv_w = 256, .box_w = 14, .box_h = 14, .ofs_x = 1, .ofs_y = -1},
    {.bitmap_index = 11760, .adv_w = 256, .box_w = 14, .box_h = 15, .ofs_x = 1, .ofs_y = -1},
    {.bitmap_index = 11865, .adv_w = 256, .box_w = 16, .box_h = 14, .ofs_x = 0, .ofs_y = -2},
    {.bitmap_index = 11977, .adv_w = 256, .box_w = 15, .box_h = 15, .ofs_x = 0, .ofs_y = -2},
    {.bitmap_index = 12090, .adv_w = 256, .box_w = 15, .box_h = 14, .ofs_x = 1, .ofs_y = -1},
    {.bitmap_index = 12195, .adv_w = 256, .box_w = 16, .box_h = 15, .ofs_x = 0, .ofs_y = -2},
    {.bitmap_index = 12315, .adv_w = 256, .box_w = 15, .box_h = 15, .ofs_x = 1, .ofs_y = -2},
    {.bitmap_index = 12428, .adv_w = 256, .box_w = 15, .box_h = 13, .ofs_x = 0, .ofs_y = -1},
    {.bitmap_index = 12526, .adv_w = 256, .box_w = 16, .box_h = 15, .ofs_x = 0, .ofs_y = -2},
    {.bitmap_index = 12646, .adv_w = 256, .box_w = 16, .box_h = 16, .ofs_x = 0, .ofs_y = -3},
    {.bitmap_index = 12774, .adv_w = 256, .box_w = 16, .box_h = 15, .ofs_x = 0, .ofs_y = -2},
    {.bitmap_index = 12894, .adv_w = 256, .box_w = 16, .box_h = 15, .ofs_x = 0, .ofs_y = -2},
    {.bitmap_index = 13014, .adv_w = 256, .box_w = 15, .box_h = 14, .ofs_x = 0, .ofs_y = -1},
    {.bitmap_index = 13119, .adv_w = 256, .box_w = 14, .box_h = 14, .ofs_x = 0, .ofs_y = -2},
    {.bitmap_index = 13217, .adv_w = 256, .box_w = 14, .box_h = 16, .ofs_x = 1, .ofs_y = -2},
    {.bitmap_index = 13329, .adv_w = 256, .box_w = 16, .box_h = 15, .ofs_x = 0, .ofs_y = -2},
    {.bitmap_index = 13449, .adv_w = 256, .box_w = 15, .box_h = 16, .ofs_x = 0, .ofs_y = -2},
    {.bitmap_index = 13569, .adv_w = 256, .box_w = 14, .box_h = 15, .ofs_x = 1, .ofs_y = -2},
    {.bitmap_index = 13674, .adv_w = 256, .box_w = 16, .box_h = 16, .ofs_x = 0, .ofs_y = -3},
    {.bitmap_index = 13802, .adv_w = 256, .box_w = 15, .box_h = 16, .ofs_x = 1, .ofs_y = -2},
    {.bitmap_index = 13922, .adv_w = 256, .box_w = 15, .box_h = 16, .ofs_x = 0, .ofs_y = -3},
    {.bitmap_index = 14042, .adv_w = 256, .box_w = 16, .box_h = 16, .ofs_x = 0, .ofs_y = -2},
    {.bitmap_index = 14170, .adv_w = 256, .box_w = 16, .box_h = 15, .ofs_x = 0, .ofs_y = -2},
    {.bitmap_index = 14290, .adv_w = 256, .box_w = 16, .box_h = 16, .ofs_x = 0, .ofs_y = -3},
    {.bitmap_index = 14418, .adv_w = 256, .box_w = 16, .box_h = 14, .ofs_x = 0, .ofs_y = -1},
    {.bitmap_index = 14530, .adv_w = 256, .box_w = 16, .box_h = 15, .ofs_x = 0, .ofs_y = -2},
    {.bitmap_index = 14650, .adv_w = 256, .box_w = 15, .box_h = 15, .ofs_x = 0, .ofs_y = -2},
    {.bitmap_index = 14763, .adv_w = 256, .box_w = 15, .box_h = 14, .ofs_x = 1, .ofs_y = -2},
    {.bitmap_index = 14868, .adv_w = 256, .box_w = 15, .box_h = 13, .ofs_x = 1, .ofs_y = -1},
    {.bitmap_index = 14966, .adv_w = 256, .box_w = 16, .box_h = 16, .ofs_x = 0, .ofs_y = -2},
    {.bitmap_index = 15094, .adv_w = 256, .box_w = 16, .box_h = 15, .ofs_x = 0, .ofs_y = -2},
    {.bitmap_index = 15214, .adv_w = 256, .box_w = 16, .box_h = 16, .ofs_x = 0, .ofs_y = -2},
    {.bitmap_index = 15342, .adv_w = 256, .box_w = 16, .box_h = 14, .ofs_x = 0, .ofs_y = -1},
    {.bitmap_index = 15454, .adv_w = 256, .box_w = 16, .box_h = 15, .ofs_x = 0, .ofs_y = -2},
    {.bitmap_index = 15574, .adv_w = 256, .box_w = 16, .box_h = 15, .ofs_x = 0, .ofs_y = -2},
    {.bitmap_index = 15694, .adv_w = 256, .box_w = 16, .box_h = 16, .ofs_x = 0, .ofs_y = -2},
    {.bitmap_index = 15822, .adv_w = 256, .box_w = 16, .box_h = 16, .ofs_x = 0, .ofs_y = -2},
    {.bitmap_index = 15950, .adv_w = 256, .box_w = 16, .box_h = 15, .ofs_x = 0, .ofs_y = -2},
    {.bitmap_index = 16070, .adv_w = 256, .box_w = 16, .box_h = 15, .ofs_x = 0, .ofs_y = -2},
    {.bitmap_index = 16190, .adv_w = 256, .box_w = 16, .box_h = 14, .ofs_x = 0, .ofs_y = -1},
    {.bitmap_index = 16302, .adv_w = 256, .box_w = 16, .box_h = 15, .ofs_x = 0, .ofs_y = -2},
    {.bitmap_index = 16422, .adv_w = 256, .box_w = 16, .box_h = 15, .ofs_x = 0, .ofs_y = -2},
    {.bitmap_index = 16542, .adv_w = 256, .box_w = 15, .box_h = 14, .ofs_x = 0, .ofs_y = -2},
    {.bitmap_index = 16647, .adv_w = 256, .box_w = 15, .box_h = 14, .ofs_x = 0, .ofs_y = -1},
    {.bitmap_index = 16752, .adv_w = 256, .box_w = 15, .box_h = 13, .ofs_x = 0, .ofs_y = -1},
    {.bitmap_index = 16850, .adv_w = 256, .box_w = 16, .box_h = 15, .ofs_x = 0, .ofs_y = -2},
    {.bitmap_index = 16970, .adv_w = 256, .box_w = 16, .box_h = 15, .ofs_x = 0, .ofs_y = -2},
    {.bitmap_index = 17090, .adv_w = 256, .box_w = 15, .box_h = 15, .ofs_x = 0, .ofs_y = -2},
    {.bitmap_index = 17203, .adv_w = 256, .box_w = 15, .box_h = 17, .ofs_x = 1, .ofs_y = -3},
    {.bitmap_index = 17331, .adv_w = 256, .box_w = 14, .box_h = 16, .ofs_x = 1, .ofs_y = -3},
    {.bitmap_index = 17443, .adv_w = 256, .box_w = 16, .box_h = 15, .ofs_x = 0, .ofs_y = -3},
    {.bitmap_index = 17563, .adv_w = 256, .box_w = 16, .box_h = 16, .ofs_x = 0, .ofs_y = -3},
    {.bitmap_index = 17691, .adv_w = 256, .box_w = 16, .box_h = 15, .ofs_x = 0, .ofs_y = -2},
    {.bitmap_index = 17811, .adv_w = 256, .box_w = 3, .box_h = 12, .ofs_x = 3, .ofs_y = 0},
    {.bitmap_index = 17829, .adv_w = 256, .box_w = 13, .box_h = 13, .ofs_x = 2, .ofs_y = -1},
    {.bitmap_index = 17914, .adv_w = 256, .box_w = 6, .box_h = 14, .ofs_x = 9, .ofs_y = -1},
    {.bitmap_index = 17956, .adv_w = 256, .box_w = 6, .box_h = 14, .ofs_x = 1, .ofs_y = -1},
    {.bitmap_index = 17998, .adv_w = 256, .box_w = 12, .box_h = 2, .ofs_x = 2, .ofs_y = 5},
    {.bitmap_index = 18010, .adv_w = 256, .box_w = 8, .box_h = 14, .ofs_x = 4, .ofs_y = -1},
    {.bitmap_index = 18066, .adv_w = 256, .box_w = 3, .box_h = 7, .ofs_x = 3, .ofs_y = 0},
    {.bitmap_index = 18077, .adv_w = 256, .box_w = 7, .box_h = 12, .ofs_x = 2, .ofs_y = 0},
    {.bitmap_index = 18119, .adv_w = 256, .box_w = 6, .box_h = 14, .ofs_x = 8, .ofs_y = -1},
    {.bitmap_index = 18161, .adv_w = 256, .box_w = 6, .box_h = 15, .ofs_x = 2, .ofs_y = -2}
};

/*---------------------
 *  CHARACTER MAPPING
 *--------------------*/

static const uint16_t unicode_list_1[] = {
    0x0, 0x1, 0x1dff, 0x1e09, 0x1e0a, 0x1e2c, 0x1e3a, 0x1e4f,
    0x1e90, 0x1ec9, 0x1f1f, 0x1f5b, 0x1fdc, 0x1fe0, 0x2018, 0x205b,
    0x214a, 0x2164, 0x21b1, 0x21c5, 0x21f9, 0x21fa, 0x221a, 0x221f,
    0x2235, 0x229e, 0x229f, 0x2354, 0x2385, 0x23d5, 0x23e2, 0x23f1,
    0x23f6, 0x2425, 0x2467, 0x24cc, 0x2667, 0x26dd, 0x2727, 0x273f,
    0x2882, 0x2906, 0x2928, 0x2930, 0x29ca, 0x2b57, 0x2b8b, 0x2b99,
    0x2bc5, 0x2df1, 0x2e93, 0x2ea5, 0x2eff, 0x2f39, 0x2f54, 0x2f84,
    0x2fc2, 0x306e, 0x320f, 0x3210, 0x3236, 0x32de, 0x32e8, 0x3308,
    0x33a4, 0x33cf, 0x34ac, 0x353d, 0x35ac, 0x35df, 0x35f5, 0x3627,
    0x362e, 0x3681, 0x36f1, 0x370c, 0x371e, 0x375e, 0x3a20, 0x3b4b,
    0x3b62, 0x3b64, 0x3d87, 0x40b8, 0x43ae, 0x451e, 0x4527, 0x4683,
    0x4800, 0x486d, 0x4939, 0x4a0c, 0x4a79, 0x4aee, 0x4b48, 0x4ed2,
    0x4edb, 0x4ee6, 0x4eec, 0x4f12, 0x4f50, 0x4f6d, 0x53db, 0x5bbd,
    0x5bd4, 0x5bdc, 0x5bee, 0x5bf6, 0x5d24, 0x5f7c, 0x5fd3, 0x5fda,
    0x5fdd, 0x5fff, 0x6008, 0x61cb, 0x61cc, 0x61ce, 0x6518, 0x652d,
    0x657e, 0x6663, 0x67f2, 0x68cd, 0x6aa3, 0x6ea5, 0xcf00, 0xcf04,
    0xcf07, 0xcf08, 0xcf0c, 0xcf0e, 0xcf19, 0xcf1e, 0xcf3a, 0xcf3c
};

/*Collect the unicode lists and glyph_id offsets*/
static const lv_font_fmt_txt_cmap_t cmaps[] =
{
    {
        .range_start = 32, .range_length = 95, .glyph_id_start = 1,
        .unicode_list = NULL, .glyph_id_ofs_list = NULL, .list_length = 0, .type = LV_FONT_FMT_TXT_CMAP_FORMAT0_TINY
    },
    {
        .range_start = 12289, .range_length = 53053, .glyph_id_start = 96,
        .unicode_list = unicode_list_1, .glyph_id_ofs_list = NULL, .list_length = 136, .type = LV_FONT_FMT_TXT_CMAP_SPARSE_TINY
    }
};



/*--------------------
 *  ALL CUSTOM DATA
 *--------------------*/

#if LVGL_VERSION_MAJOR == 8
/*Store all the custom data of the font*/
static  lv_font_fmt_txt_glyph_cache_t cache;
#endif

#if LVGL_VERSION_MAJOR >= 8
static const lv_font_fmt_txt_dsc_t font_dsc = {
#else
static lv_font_fmt_txt_dsc_t font_dsc = {
#endif
    .glyph_bitmap = glyph_bitmap,
    .glyph_dsc = glyph_dsc,
    .cmaps = cmaps,
    .kern_dsc = NULL,
    .kern_scale = 0,
    .cmap_num = 2,
    .bpp = 4,
    .kern_classes = 0,
    .bitmap_format = 0,
#if LVGL_VERSION_MAJOR == 8
    .cache = &cache
#endif
};



/*-----------------
 *  PUBLIC FONT
 *----------------*/

/*Initialize a public general font descriptor*/
#if LVGL_VERSION_MAJOR >= 8
const lv_font_t lv_font_zh_16 = {
#else
lv_font_t lv_font_zh_16 = {
#endif
    .get_glyph_dsc = lv_font_get_glyph_dsc_fmt_txt,    /*Function pointer to get glyph's data*/
    .get_glyph_bitmap = lv_font_get_bitmap_fmt_txt,    /*Function pointer to get glyph's bitmap*/
    .line_height = 19,          /*The maximum line height required by the font*/
    .base_line = 3,             /*Baseline measured from the bottom of the line*/
#if !(LVGL_VERSION_MAJOR == 6 && LVGL_VERSION_MINOR == 0)
    .subpx = LV_FONT_SUBPX_NONE,
#endif
#if LV_VERSION_CHECK(7, 4, 0) || LVGL_VERSION_MAJOR >= 8
    .underline_position = -1,
    .underline_thickness = 1,
#endif
    .dsc = &font_dsc,          /*The custom font data. Will be accessed by `get_glyph_bitmap/dsc` */
#if LV_VERSION_CHECK(8, 2, 0) || LVGL_VERSION_MAJOR >= 9
    .fallback = NULL,
#endif
    .user_data = NULL,
};



#endif /*#if LV_FONT_ZH_16*/

